family,variant,preprocessing,dataset,status,python_total_time_s,time_source,log_path
cardinality,bitwise,off,TUD200.1,optimal,55.36,Total time,D:\Research\FrequencyAssignment\SourceCode\SAT\pairwise\results\no_preprocessing\matched_bitwise\TUD200.1.log
cardinality,bitwise,off,TUD200.2,optimal,3.02,Total time,D:\Research\FrequencyAssignment\SourceCode\SAT\pairwise\results\no_preprocessing\matched_bitwise\TUD200.2.log
cardinality,bitwise,off,TUD200.3,optimal,7.6,Total time,D:\Research\FrequencyAssignment\SourceCode\SAT\pairwise\results\no_preprocessing\matched_bitwise\TUD200.3.log
cardinality,bitwise,off,TUD200.4,optimal,2.07,Total time,D:\Research\FrequencyAssignment\SourceCode\SAT\pairwise\results\no_preprocessing\matched_bitwise\TUD200.4.log
cardinality,bitwise,off,TUD200.5,infeasible,2.41,Time taken,D:\Research\FrequencyAssignment\SourceCode\SAT\pairwise\results\no_preprocessing\matched_bitwise\TUD200.5.log
cardinality,bitwise,off,TUD916.1,optimal,91.63,Total time,D:\Research\FrequencyAssignment\SourceCode\SAT\pairwise\results\no_preprocessing\matched_bitwise\TUD916.1.log
cardinality,bitwise,off,TUD916.2,optimal,12.74,Total time,D:\Research\FrequencyAssignment\SourceCode\SAT\pairwise\results\no_preprocessing\matched_bitwise\TUD916.2.log
cardinality,bitwise,off,TUD916.3,optimal,25.74,Total time,D:\Research\FrequencyAssignment\SourceCode\SAT\pairwise\results\no_preprocessing\matched_bitwise\TUD916.3.log
cardinality,bitwise,off,TUD916.4,optimal,15.26,Total time,D:\Research\FrequencyAssignment\SourceCode\SAT\pairwise\results\no_preprocessing\matched_bitwise\TUD916.4.log
cardinality,bitwise,off,TUD916.5,infeasible,10.28,Time taken,D:\Research\FrequencyAssignment\SourceCode\SAT\pairwise\results\no_preprocessing\matched_bitwise\TUD916.5.log
cardinality,bitwise,off,graph01,timeout,,,D:\Research\FrequencyAssignment\SourceCode\SAT\pairwise\results\no_preprocessing\matched_bitwise\graph01.log
cardinality,bitwise,off,graph02,timeout,,,D:\Research\FrequencyAssignment\SourceCode\SAT\pairwise\results\no_preprocessing\matched_bitwise\graph02.log
cardinality,bitwise,off,graph03,optimal,83.03,Total time,D:\Research\FrequencyAssignment\SourceCode\SAT\pairwise\results\no_preprocessing\matched_bitwise\graph03.log
cardinality,bitwise,off,graph04,optimal,177.75,Total time,D:\Research\FrequencyAssignment\SourceCode\SAT\pairwise\results\no_preprocessing\matched_bitwise\graph04.log
cardinality,bitwise,off,graph05,infeasible,2.09,Time taken,D:\Research\FrequencyAssignment\SourceCode\SAT\pairwise\results\no_preprocessing\matched_bitwise\graph05.log
cardinality,bitwise,off,graph06,infeasible,4.24,Time taken,D:\Research\FrequencyAssignment\SourceCode\SAT\pairwise\results\no_preprocessing\matched_bitwise\graph06.log
cardinality,bitwise,off,graph07,infeasible,0.3,Time taken,D:\Research\FrequencyAssignment\SourceCode\SAT\pairwise\results\no_preprocessing\matched_bitwise\graph07.log
cardinality,bitwise,off,graph08,timeout,,,D:\Research\FrequencyAssignment\SourceCode\SAT\pairwise\results\no_preprocessing\matched_bitwise\graph08.log
cardinality,bitwise,off,graph09,timeout,,,D:\Research\FrequencyAssignment\SourceCode\SAT\pairwise\results\no_preprocessing\matched_bitwise\graph09.log
cardinality,bitwise,off,graph10,timeout,,,D:\Research\FrequencyAssignment\SourceCode\SAT\pairwise\results\no_preprocessing\matched_bitwise\graph10.log
cardinality,bitwise,off,graph11,infeasible,7.61,Time taken,D:\Research\FrequencyAssignment\SourceCode\SAT\pairwise\results\no_preprocessing\matched_bitwise\graph11.log
cardinality,bitwise,off,graph12,infeasible,0.59,Time taken,D:\Research\FrequencyAssignment\SourceCode\SAT\pairwise\results\no_preprocessing\matched_bitwise\graph12.log
cardinality,bitwise,off,graph13,infeasible,11.23,Time taken,D:\Research\FrequencyAssignment\SourceCode\SAT\pairwise\results\no_preprocessing\matched_bitwise\graph13.log
cardinality,bitwise,off,graph14,optimal,41.76,Total time,D:\Research\FrequencyAssignment\SourceCode\SAT\pairwise\results\no_preprocessing\matched_bitwise\graph14.log
cardinality,bitwise,off,scen01,timeout,,,D:\Research\FrequencyAssignment\SourceCode\SAT\pairwise\results\no_preprocessing\matched_bitwise\scen01.log
cardinality,bitwise,off,scen02,timeout,,,D:\Research\FrequencyAssignment\SourceCode\SAT\pairwise\results\no_preprocessing\matched_bitwise\scen02.log
cardinality,bitwise,off,scen03,timeout,,,D:\Research\FrequencyAssignment\SourceCode\SAT\pairwise\results\no_preprocessing\matched_bitwise\scen03.log
cardinality,bitwise,off,scen04,optimal,2.83,Total time,D:\Research\FrequencyAssignment\SourceCode\SAT\pairwise\results\no_preprocessing\matched_bitwise\scen04.log
cardinality,bitwise,off,scen05,optimal,12.57,Total time,D:\Research\FrequencyAssignment\SourceCode\SAT\pairwise\results\no_preprocessing\matched_bitwise\scen05.log
cardinality,bitwise,off,scen06,infeasible,3.64,Time taken,D:\Research\FrequencyAssignment\SourceCode\SAT\pairwise\results\no_preprocessing\matched_bitwise\scen06.log
cardinality,bitwise,off,scen07,infeasible,7.83,Time taken,D:\Research\FrequencyAssignment\SourceCode\SAT\pairwise\results\no_preprocessing\matched_bitwise\scen07.log
cardinality,bitwise,off,scen08,infeasible,14.99,Time taken,D:\Research\FrequencyAssignment\SourceCode\SAT\pairwise\results\no_preprocessing\matched_bitwise\scen08.log
cardinality,bitwise,off,scen09,infeasible,0.31,Time taken,D:\Research\FrequencyAssignment\SourceCode\SAT\pairwise\results\no_preprocessing\matched_bitwise\scen09.log
cardinality,bitwise,off,scen10,infeasible,0.31,Time taken,D:\Research\FrequencyAssignment\SourceCode\SAT\pairwise\results\no_preprocessing\matched_bitwise\scen10.log
cardinality,bitwise,off,scen11,timeout,,,D:\Research\FrequencyAssignment\SourceCode\SAT\pairwise\results\no_preprocessing\matched_bitwise\scen11.log
cardinality,bitwise,on,TUD200.1,optimal,60.13,Total time,D:\Research\FrequencyAssignment\SourceCode\SAT\pairwise\results\preprocessing\matched_bitwise\TUD200.1.log
cardinality,bitwise,on,TUD200.2,optimal,0.08,Total time,D:\Research\FrequencyAssignment\SourceCode\SAT\pairwise\results\preprocessing\matched_bitwise\TUD200.2.log
cardinality,bitwise,on,TUD200.3,optimal,4.23,Total time,D:\Research\FrequencyAssignment\SourceCode\SAT\pairwise\results\preprocessing\matched_bitwise\TUD200.3.log
cardinality,bitwise,on,TUD200.4,optimal,0.12,Total time,D:\Research\FrequencyAssignment\SourceCode\SAT\pairwise\results\preprocessing\matched_bitwise\TUD200.4.log
cardinality,bitwise,on,TUD200.5,infeasible,0.06,Time taken,D:\Research\FrequencyAssignment\SourceCode\SAT\pairwise\results\preprocessing\matched_bitwise\TUD200.5.log
cardinality,bitwise,on,TUD916.1,optimal,54.08,Total time,D:\Research\FrequencyAssignment\SourceCode\SAT\pairwise\results\preprocessing\matched_bitwise\TUD916.1.log
cardinality,bitwise,on,TUD916.2,optimal,0.35,Total time,D:\Research\FrequencyAssignment\SourceCode\SAT\pairwise\results\preprocessing\matched_bitwise\TUD916.2.log
cardinality,bitwise,on,TUD916.3,optimal,19.85,Total time,D:\Research\FrequencyAssignment\SourceCode\SAT\pairwise\results\preprocessing\matched_bitwise\TUD916.3.log
cardinality,bitwise,on,TUD916.4,optimal,0.59,Total time,D:\Research\FrequencyAssignment\SourceCode\SAT\pairwise\results\preprocessing\matched_bitwise\TUD916.4.log
cardinality,bitwise,on,TUD916.5,infeasible,0.2,Time taken,D:\Research\FrequencyAssignment\SourceCode\SAT\pairwise\results\preprocessing\matched_bitwise\TUD916.5.log
cardinality,bitwise,on,graph01,timeout,,,D:\Research\FrequencyAssignment\SourceCode\SAT\pairwise\results\preprocessing\matched_bitwise\graph01.log
cardinality,bitwise,on,graph02,timeout,,,D:\Research\FrequencyAssignment\SourceCode\SAT\pairwise\results\preprocessing\matched_bitwise\graph02.log
cardinality,bitwise,on,graph03,optimal,78.74,Total time,D:\Research\FrequencyAssignment\SourceCode\SAT\pairwise\results\preprocessing\matched_bitwise\graph03.log
cardinality,bitwise,on,graph04,optimal,162.32,Total time,D:\Research\FrequencyAssignment\SourceCode\SAT\pairwise\results\preprocessing\matched_bitwise\graph04.log
cardinality,bitwise,on,graph05,infeasible,0.05,Time taken,D:\Research\FrequencyAssignment\SourceCode\SAT\pairwise\results\preprocessing\matched_bitwise\graph05.log
cardinality,bitwise,on,graph06,infeasible,0.09,Time taken,D:\Research\FrequencyAssignment\SourceCode\SAT\pairwise\results\preprocessing\matched_bitwise\graph06.log
cardinality,bitwise,on,graph07,infeasible,0.01,Time taken,D:\Research\FrequencyAssignment\SourceCode\SAT\pairwise\results\preprocessing\matched_bitwise\graph07.log
cardinality,bitwise,on,graph08,timeout,,,D:\Research\FrequencyAssignment\SourceCode\SAT\pairwise\results\preprocessing\matched_bitwise\graph08.log
cardinality,bitwise,on,graph09,timeout,,,D:\Research\FrequencyAssignment\SourceCode\SAT\pairwise\results\preprocessing\matched_bitwise\graph09.log
cardinality,bitwise,on,graph10,timeout,,,D:\Research\FrequencyAssignment\SourceCode\SAT\pairwise\results\preprocessing\matched_bitwise\graph10.log
cardinality,bitwise,on,graph11,infeasible,0.16,Time taken,D:\Research\FrequencyAssignment\SourceCode\SAT\pairwise\results\preprocessing\matched_bitwise\graph11.log
cardinality,bitwise,on,graph12,infeasible,0.01,Time taken,D:\Research\FrequencyAssignment\SourceCode\SAT\pairwise\results\preprocessing\matched_bitwise\graph12.log
cardinality,bitwise,on,graph13,infeasible,0.3,Time taken,D:\Research\FrequencyAssignment\SourceCode\SAT\pairwise\results\preprocessing\matched_bitwise\graph13.log
cardinality,bitwise,on,graph14,optimal,41.62,Total time,D:\Research\FrequencyAssignment\SourceCode\SAT\pairwise\results\preprocessing\matched_bitwise\graph14.log
cardinality,bitwise,on,scen01,timeout,,,D:\Research\FrequencyAssignment\SourceCode\SAT\pairwise\results\preprocessing\matched_bitwise\scen01.log
cardinality,bitwise,on,scen02,timeout,,,D:\Research\FrequencyAssignment\SourceCode\SAT\pairwise\results\preprocessing\matched_bitwise\scen02.log
cardinality,bitwise,on,scen03,timeout,,,D:\Research\FrequencyAssignment\SourceCode\SAT\pairwise\results\preprocessing\matched_bitwise\scen03.log
cardinality,bitwise,on,scen04,optimal,0.12,Total time,D:\Research\FrequencyAssignment\SourceCode\SAT\pairwise\results\preprocessing\matched_bitwise\scen04.log
cardinality,bitwise,on,scen05,optimal,0.76,Total time,D:\Research\FrequencyAssignment\SourceCode\SAT\pairwise\results\preprocessing\matched_bitwise\scen05.log
cardinality,bitwise,on,scen06,infeasible,0.23,Time taken,D:\Research\FrequencyAssignment\SourceCode\SAT\pairwise\results\preprocessing\matched_bitwise\scen06.log
cardinality,bitwise,on,scen07,infeasible,0.2,Time taken,D:\Research\FrequencyAssignment\SourceCode\SAT\pairwise\results\preprocessing\matched_bitwise\scen07.log
cardinality,bitwise,on,scen08,infeasible,0.28,Time taken,D:\Research\FrequencyAssignment\SourceCode\SAT\pairwise\results\preprocessing\matched_bitwise\scen08.log
cardinality,bitwise,on,scen09,infeasible,0.01,Time taken,D:\Research\FrequencyAssignment\SourceCode\SAT\pairwise\results\preprocessing\matched_bitwise\scen09.log
cardinality,bitwise,on,scen10,infeasible,0.02,Time taken,D:\Research\FrequencyAssignment\SourceCode\SAT\pairwise\results\preprocessing\matched_bitwise\scen10.log
cardinality,bitwise,on,scen11,timeout,,,D:\Research\FrequencyAssignment\SourceCode\SAT\pairwise\results\preprocessing\matched_bitwise\scen11.log
cardinality,cardnetwrk,off,TUD200.1,optimal,42.59,Total time,D:\Research\FrequencyAssignment\SourceCode\SAT\pairwise\results\no_preprocessing\matched_cardnetwrk\TUD200.1.log
cardinality,cardnetwrk,off,TUD200.2,optimal,4.08,Total time,D:\Research\FrequencyAssignment\SourceCode\SAT\pairwise\results\no_preprocessing\matched_cardnetwrk\TUD200.2.log
cardinality,cardnetwrk,off,TUD200.3,optimal,15.13,Total time,D:\Research\FrequencyAssignment\SourceCode\SAT\pairwise\results\no_preprocessing\matched_cardnetwrk\TUD200.3.log
cardinality,cardnetwrk,off,TUD200.4,optimal,2.94,Total time,D:\Research\FrequencyAssignment\SourceCode\SAT\pairwise\results\no_preprocessing\matched_cardnetwrk\TUD200.4.log
cardinality,cardnetwrk,off,TUD200.5,infeasible,3.25,Time taken,D:\Research\FrequencyAssignment\SourceCode\SAT\pairwise\results\no_preprocessing\matched_cardnetwrk\TUD200.5.log
cardinality,cardnetwrk,off,TUD916.1,optimal,108.6,Total time,D:\Research\FrequencyAssignment\SourceCode\SAT\pairwise\results\no_preprocessing\matched_cardnetwrk\TUD916.1.log
cardinality,cardnetwrk,off,TUD916.2,optimal,17.16,Total time,D:\Research\FrequencyAssignment\SourceCode\SAT\pairwise\results\no_preprocessing\matched_cardnetwrk\TUD916.2.log
cardinality,cardnetwrk,off,TUD916.3,optimal,36.41,Total time,D:\Research\FrequencyAssignment\SourceCode\SAT\pairwise\results\no_preprocessing\matched_cardnetwrk\TUD916.3.log
cardinality,cardnetwrk,off,TUD916.4,optimal,44.31,Total time,D:\Research\FrequencyAssignment\SourceCode\SAT\pairwise\results\no_preprocessing\matched_cardnetwrk\TUD916.4.log
cardinality,cardnetwrk,off,TUD916.5,infeasible,13.81,Time taken,D:\Research\FrequencyAssignment\SourceCode\SAT\pairwise\results\no_preprocessing\matched_cardnetwrk\TUD916.5.log
cardinality,cardnetwrk,off,graph01,timeout,,,D:\Research\FrequencyAssignment\SourceCode\SAT\pairwise\results\no_preprocessing\matched_cardnetwrk\graph01.log
cardinality,cardnetwrk,off,graph02,timeout,,,D:\Research\FrequencyAssignment\SourceCode\SAT\pairwise\results\no_preprocessing\matched_cardnetwrk\graph02.log
cardinality,cardnetwrk,off,graph03,optimal,75.47,Total time,D:\Research\FrequencyAssignment\SourceCode\SAT\pairwise\results\no_preprocessing\matched_cardnetwrk\graph03.log
cardinality,cardnetwrk,off,graph04,optimal,158.86,Total time,D:\Research\FrequencyAssignment\SourceCode\SAT\pairwise\results\no_preprocessing\matched_cardnetwrk\graph04.log
cardinality,cardnetwrk,off,graph05,infeasible,2.86,Time taken,D:\Research\FrequencyAssignment\SourceCode\SAT\pairwise\results\no_preprocessing\matched_cardnetwrk\graph05.log
cardinality,cardnetwrk,off,graph06,infeasible,5.83,Time taken,D:\Research\FrequencyAssignment\SourceCode\SAT\pairwise\results\no_preprocessing\matched_cardnetwrk\graph06.log
cardinality,cardnetwrk,off,graph07,infeasible,0.36,Time taken,D:\Research\FrequencyAssignment\SourceCode\SAT\pairwise\results\no_preprocessing\matched_cardnetwrk\graph07.log
cardinality,cardnetwrk,off,graph08,timeout,,,D:\Research\FrequencyAssignment\SourceCode\SAT\pairwise\results\no_preprocessing\matched_cardnetwrk\graph08.log
cardinality,cardnetwrk,off,graph09,timeout,,,D:\Research\FrequencyAssignment\SourceCode\SAT\pairwise\results\no_preprocessing\matched_cardnetwrk\graph09.log
cardinality,cardnetwrk,off,graph10,timeout,,,D:\Research\FrequencyAssignment\SourceCode\SAT\pairwise\results\no_preprocessing\matched_cardnetwrk\graph10.log
cardinality,cardnetwrk,off,graph11,infeasible,9.69,Time taken,D:\Research\FrequencyAssignment\SourceCode\SAT\pairwise\results\no_preprocessing\matched_cardnetwrk\graph11.log
cardinality,cardnetwrk,off,graph12,infeasible,0.73,Time taken,D:\Research\FrequencyAssignment\SourceCode\SAT\pairwise\results\no_preprocessing\matched_cardnetwrk\graph12.log
cardinality,cardnetwrk,off,graph13,infeasible,15.03,Time taken,D:\Research\FrequencyAssignment\SourceCode\SAT\pairwise\results\no_preprocessing\matched_cardnetwrk\graph13.log
cardinality,cardnetwrk,off,graph14,optimal,32.49,Total time,D:\Research\FrequencyAssignment\SourceCode\SAT\pairwise\results\no_preprocessing\matched_cardnetwrk\graph14.log
cardinality,cardnetwrk,off,scen01,timeout,,,D:\Research\FrequencyAssignment\SourceCode\SAT\pairwise\results\no_preprocessing\matched_cardnetwrk\scen01.log
cardinality,cardnetwrk,off,scen02,timeout,,,D:\Research\FrequencyAssignment\SourceCode\SAT\pairwise\results\no_preprocessing\matched_cardnetwrk\scen02.log
cardinality,cardnetwrk,off,scen03,timeout,,,D:\Research\FrequencyAssignment\SourceCode\SAT\pairwise\results\no_preprocessing\matched_cardnetwrk\scen03.log
cardinality,cardnetwrk,off,scen04,optimal,4.41,Total time,D:\Research\FrequencyAssignment\SourceCode\SAT\pairwise\results\no_preprocessing\matched_cardnetwrk\scen04.log
cardinality,cardnetwrk,off,scen05,optimal,34.73,Total time,D:\Research\FrequencyAssignment\SourceCode\SAT\pairwise\results\no_preprocessing\matched_cardnetwrk\scen05.log
cardinality,cardnetwrk,off,scen06,infeasible,4.85,Time taken,D:\Research\FrequencyAssignment\SourceCode\SAT\pairwise\results\no_preprocessing\matched_cardnetwrk\scen06.log
cardinality,cardnetwrk,off,scen07,infeasible,10.53,Time taken,D:\Research\FrequencyAssignment\SourceCode\SAT\pairwise\results\no_preprocessing\matched_cardnetwrk\scen07.log
cardinality,cardnetwrk,off,scen08,infeasible,19.27,Time taken,D:\Research\FrequencyAssignment\SourceCode\SAT\pairwise\results\no_preprocessing\matched_cardnetwrk\scen08.log
cardinality,cardnetwrk,off,scen09,infeasible,0.38,Time taken,D:\Research\FrequencyAssignment\SourceCode\SAT\pairwise\results\no_preprocessing\matched_cardnetwrk\scen09.log
cardinality,cardnetwrk,off,scen10,infeasible,0.38,Time taken,D:\Research\FrequencyAssignment\SourceCode\SAT\pairwise\results\no_preprocessing\matched_cardnetwrk\scen10.log
cardinality,cardnetwrk,off,scen11,timeout,,,D:\Research\FrequencyAssignment\SourceCode\SAT\pairwise\results\no_preprocessing\matched_cardnetwrk\scen11.log
cardinality,cardnetwrk,on,TUD200.1,optimal,46.56,Total time,D:\Research\FrequencyAssignment\SourceCode\SAT\pairwise\results\preprocessing\matched_cardnetwrk\TUD200.1.log
cardinality,cardnetwrk,on,TUD200.2,optimal,0.07,Total time,D:\Research\FrequencyAssignment\SourceCode\SAT\pairwise\results\preprocessing\matched_cardnetwrk\TUD200.2.log
cardinality,cardnetwrk,on,TUD200.3,optimal,8.01,Total time,D:\Research\FrequencyAssignment\SourceCode\SAT\pairwise\results\preprocessing\matched_cardnetwrk\TUD200.3.log
cardinality,cardnetwrk,on,TUD200.4,optimal,0.1,Total time,D:\Research\FrequencyAssignment\SourceCode\SAT\pairwise\results\preprocessing\matched_cardnetwrk\TUD200.4.log
cardinality,cardnetwrk,on,TUD200.5,infeasible,0.04,Time taken,D:\Research\FrequencyAssignment\SourceCode\SAT\pairwise\results\preprocessing\matched_cardnetwrk\TUD200.5.log
cardinality,cardnetwrk,on,TUD916.1,optimal,67.73,Total time,D:\Research\FrequencyAssignment\SourceCode\SAT\pairwise\results\preprocessing\matched_cardnetwrk\TUD916.1.log
cardinality,cardnetwrk,on,TUD916.2,optimal,0.28,Total time,D:\Research\FrequencyAssignment\SourceCode\SAT\pairwise\results\preprocessing\matched_cardnetwrk\TUD916.2.log
cardinality,cardnetwrk,on,TUD916.3,optimal,30.8,Total time,D:\Research\FrequencyAssignment\SourceCode\SAT\pairwise\results\preprocessing\matched_cardnetwrk\TUD916.3.log
cardinality,cardnetwrk,on,TUD916.4,optimal,0.47,Total time,D:\Research\FrequencyAssignment\SourceCode\SAT\pairwise\results\preprocessing\matched_cardnetwrk\TUD916.4.log
cardinality,cardnetwrk,on,TUD916.5,infeasible,0.15,Time taken,D:\Research\FrequencyAssignment\SourceCode\SAT\pairwise\results\preprocessing\matched_cardnetwrk\TUD916.5.log
cardinality,cardnetwrk,on,graph01,timeout,,,D:\Research\FrequencyAssignment\SourceCode\SAT\pairwise\results\preprocessing\matched_cardnetwrk\graph01.log
cardinality,cardnetwrk,on,graph02,timeout,,,D:\Research\FrequencyAssignment\SourceCode\SAT\pairwise\results\preprocessing\matched_cardnetwrk\graph02.log
cardinality,cardnetwrk,on,graph03,optimal,64.51,Total time,D:\Research\FrequencyAssignment\SourceCode\SAT\pairwise\results\preprocessing\matched_cardnetwrk\graph03.log
cardinality,cardnetwrk,on,graph04,optimal,164.72,Total time,D:\Research\FrequencyAssignment\SourceCode\SAT\pairwise\results\preprocessing\matched_cardnetwrk\graph04.log
cardinality,cardnetwrk,on,graph05,infeasible,0.03,Time taken,D:\Research\FrequencyAssignment\SourceCode\SAT\pairwise\results\preprocessing\matched_cardnetwrk\graph05.log
cardinality,cardnetwrk,on,graph06,infeasible,0.07,Time taken,D:\Research\FrequencyAssignment\SourceCode\SAT\pairwise\results\preprocessing\matched_cardnetwrk\graph06.log
cardinality,cardnetwrk,on,graph07,infeasible,0.0,Time taken,D:\Research\FrequencyAssignment\SourceCode\SAT\pairwise\results\preprocessing\matched_cardnetwrk\graph07.log
cardinality,cardnetwrk,on,graph08,timeout,,,D:\Research\FrequencyAssignment\SourceCode\SAT\pairwise\results\preprocessing\matched_cardnetwrk\graph08.log
cardinality,cardnetwrk,on,graph09,timeout,,,D:\Research\FrequencyAssignment\SourceCode\SAT\pairwise\results\preprocessing\matched_cardnetwrk\graph09.log
cardinality,cardnetwrk,on,graph10,timeout,,,D:\Research\FrequencyAssignment\SourceCode\SAT\pairwise\results\preprocessing\matched_cardnetwrk\graph10.log
cardinality,cardnetwrk,on,graph11,infeasible,0.12,Time taken,D:\Research\FrequencyAssignment\SourceCode\SAT\pairwise\results\preprocessing\matched_cardnetwrk\graph11.log
cardinality,cardnetwrk,on,graph12,infeasible,0.01,Time taken,D:\Research\FrequencyAssignment\SourceCode\SAT\pairwise\results\preprocessing\matched_cardnetwrk\graph12.log
cardinality,cardnetwrk,on,graph13,infeasible,0.19,Time taken,D:\Research\FrequencyAssignment\SourceCode\SAT\pairwise\results\preprocessing\matched_cardnetwrk\graph13.log
cardinality,cardnetwrk,on,graph14,optimal,33.39,Total time,D:\Research\FrequencyAssignment\SourceCode\SAT\pairwise\results\preprocessing\matched_cardnetwrk\graph14.log
cardinality,cardnetwrk,on,scen01,timeout,,,D:\Research\FrequencyAssignment\SourceCode\SAT\pairwise\results\preprocessing\matched_cardnetwrk\scen01.log
cardinality,cardnetwrk,on,scen02,timeout,,,D:\Research\FrequencyAssignment\SourceCode\SAT\pairwise\results\preprocessing\matched_cardnetwrk\scen02.log
cardinality,cardnetwrk,on,scen03,timeout,,,D:\Research\FrequencyAssignment\SourceCode\SAT\pairwise\results\preprocessing\matched_cardnetwrk\scen03.log
cardinality,cardnetwrk,on,scen04,optimal,0.09,Total time,D:\Research\FrequencyAssignment\SourceCode\SAT\pairwise\results\preprocessing\matched_cardnetwrk\scen04.log
cardinality,cardnetwrk,on,scen05,optimal,0.93,Total time,D:\Research\FrequencyAssignment\SourceCode\SAT\pairwise\results\preprocessing\matched_cardnetwrk\scen05.log
cardinality,cardnetwrk,on,scen06,infeasible,0.18,Time taken,D:\Research\FrequencyAssignment\SourceCode\SAT\pairwise\results\preprocessing\matched_cardnetwrk\scen06.log
cardinality,cardnetwrk,on,scen07,infeasible,0.16,Time taken,D:\Research\FrequencyAssignment\SourceCode\SAT\pairwise\results\preprocessing\matched_cardnetwrk\scen07.log
cardinality,cardnetwrk,on,scen08,infeasible,0.22,Time taken,D:\Research\FrequencyAssignment\SourceCode\SAT\pairwise\results\preprocessing\matched_cardnetwrk\scen08.log
cardinality,cardnetwrk,on,scen09,infeasible,0.01,Time taken,D:\Research\FrequencyAssignment\SourceCode\SAT\pairwise\results\preprocessing\matched_cardnetwrk\scen09.log
cardinality,cardnetwrk,on,scen10,infeasible,0.01,Time taken,D:\Research\FrequencyAssignment\SourceCode\SAT\pairwise\results\preprocessing\matched_cardnetwrk\scen10.log
cardinality,cardnetwrk,on,scen11,timeout,,,D:\Research\FrequencyAssignment\SourceCode\SAT\pairwise\results\preprocessing\matched_cardnetwrk\scen11.log
cardinality,kmtotalizer,off,TUD200.1,optimal,47.81,Total time,D:\Research\FrequencyAssignment\SourceCode\SAT\pairwise\results\no_preprocessing\matched_kmtotalizer\TUD200.1.log
cardinality,kmtotalizer,off,TUD200.2,optimal,2.91,Total time,D:\Research\FrequencyAssignment\SourceCode\SAT\pairwise\results\no_preprocessing\matched_kmtotalizer\TUD200.2.log
cardinality,kmtotalizer,off,TUD200.3,optimal,4.97,Total time,D:\Research\FrequencyAssignment\SourceCode\SAT\pairwise\results\no_preprocessing\matched_kmtotalizer\TUD200.3.log
cardinality,kmtotalizer,off,TUD200.4,optimal,2.46,Total time,D:\Research\FrequencyAssignment\SourceCode\SAT\pairwise\results\no_preprocessing\matched_kmtotalizer\TUD200.4.log
cardinality,kmtotalizer,off,TUD200.5,infeasible,2.64,Time taken,D:\Research\FrequencyAssignment\SourceCode\SAT\pairwise\results\no_preprocessing\matched_kmtotalizer\TUD200.5.log
cardinality,kmtotalizer,off,TUD916.1,optimal,142.03,Total time,D:\Research\FrequencyAssignment\SourceCode\SAT\pairwise\results\no_preprocessing\matched_kmtotalizer\TUD916.1.log
cardinality,kmtotalizer,off,TUD916.2,optimal,12.15,Total time,D:\Research\FrequencyAssignment\SourceCode\SAT\pairwise\results\no_preprocessing\matched_kmtotalizer\TUD916.2.log
cardinality,kmtotalizer,off,TUD916.3,optimal,39.66,Total time,D:\Research\FrequencyAssignment\SourceCode\SAT\pairwise\results\no_preprocessing\matched_kmtotalizer\TUD916.3.log
cardinality,kmtotalizer,off,TUD916.4,optimal,20.73,Total time,D:\Research\FrequencyAssignment\SourceCode\SAT\pairwise\results\no_preprocessing\matched_kmtotalizer\TUD916.4.log
cardinality,kmtotalizer,off,TUD916.5,infeasible,10.56,Time taken,D:\Research\FrequencyAssignment\SourceCode\SAT\pairwise\results\no_preprocessing\matched_kmtotalizer\TUD916.5.log
cardinality,kmtotalizer,off,graph01,timeout,,,D:\Research\FrequencyAssignment\SourceCode\SAT\pairwise\results\no_preprocessing\matched_kmtotalizer\graph01.log
cardinality,kmtotalizer,off,graph02,timeout,,,D:\Research\FrequencyAssignment\SourceCode\SAT\pairwise\results\no_preprocessing\matched_kmtotalizer\graph02.log
cardinality,kmtotalizer,off,graph03,optimal,86.68,Total time,D:\Research\FrequencyAssignment\SourceCode\SAT\pairwise\results\no_preprocessing\matched_kmtotalizer\graph03.log
cardinality,kmtotalizer,off,graph04,optimal,204.53,Total time,D:\Research\FrequencyAssignment\SourceCode\SAT\pairwise\results\no_preprocessing\matched_kmtotalizer\graph04.log
cardinality,kmtotalizer,off,graph05,infeasible,2.18,Time taken,D:\Research\FrequencyAssignment\SourceCode\SAT\pairwise\results\no_preprocessing\matched_kmtotalizer\graph05.log
cardinality,kmtotalizer,off,graph06,infeasible,4.28,Time taken,D:\Research\FrequencyAssignment\SourceCode\SAT\pairwise\results\no_preprocessing\matched_kmtotalizer\graph06.log
cardinality,kmtotalizer,off,graph07,infeasible,0.32,Time taken,D:\Research\FrequencyAssignment\SourceCode\SAT\pairwise\results\no_preprocessing\matched_kmtotalizer\graph07.log
cardinality,kmtotalizer,off,graph08,timeout,,,D:\Research\FrequencyAssignment\SourceCode\SAT\pairwise\results\no_preprocessing\matched_kmtotalizer\graph08.log
cardinality,kmtotalizer,off,graph09,timeout,,,D:\Research\FrequencyAssignment\SourceCode\SAT\pairwise\results\no_preprocessing\matched_kmtotalizer\graph09.log
cardinality,kmtotalizer,off,graph10,timeout,,,D:\Research\FrequencyAssignment\SourceCode\SAT\pairwise\results\no_preprocessing\matched_kmtotalizer\graph10.log
cardinality,kmtotalizer,off,graph11,infeasible,7.98,Time taken,D:\Research\FrequencyAssignment\SourceCode\SAT\pairwise\results\no_preprocessing\matched_kmtotalizer\graph11.log
cardinality,kmtotalizer,off,graph12,infeasible,0.62,Time taken,D:\Research\FrequencyAssignment\SourceCode\SAT\pairwise\results\no_preprocessing\matched_kmtotalizer\graph12.log
cardinality,kmtotalizer,off,graph13,infeasible,11.1,Time taken,D:\Research\FrequencyAssignment\SourceCode\SAT\pairwise\results\no_preprocessing\matched_kmtotalizer\graph13.log
cardinality,kmtotalizer,off,graph14,optimal,43.57,Total time,D:\Research\FrequencyAssignment\SourceCode\SAT\pairwise\results\no_preprocessing\matched_kmtotalizer\graph14.log
cardinality,kmtotalizer,off,scen01,timeout,,,D:\Research\FrequencyAssignment\SourceCode\SAT\pairwise\results\no_preprocessing\matched_kmtotalizer\scen01.log
cardinality,kmtotalizer,off,scen02,timeout,,,D:\Research\FrequencyAssignment\SourceCode\SAT\pairwise\results\no_preprocessing\matched_kmtotalizer\scen02.log
cardinality,kmtotalizer,off,scen03,timeout,,,D:\Research\FrequencyAssignment\SourceCode\SAT\pairwise\results\no_preprocessing\matched_kmtotalizer\scen03.log
cardinality,kmtotalizer,off,scen04,optimal,3.21,Total time,D:\Research\FrequencyAssignment\SourceCode\SAT\pairwise\results\no_preprocessing\matched_kmtotalizer\scen04.log
cardinality,kmtotalizer,off,scen05,optimal,29.92,Total time,D:\Research\FrequencyAssignment\SourceCode\SAT\pairwise\results\no_preprocessing\matched_kmtotalizer\scen05.log
cardinality,kmtotalizer,off,scen06,infeasible,3.72,Time taken,D:\Research\FrequencyAssignment\SourceCode\SAT\pairwise\results\no_preprocessing\matched_kmtotalizer\scen06.log
cardinality,kmtotalizer,off,scen07,infeasible,7.7,Time taken,D:\Research\FrequencyAssignment\SourceCode\SAT\pairwise\results\no_preprocessing\matched_kmtotalizer\scen07.log
cardinality,kmtotalizer,off,scen08,infeasible,13.85,Time taken,D:\Research\FrequencyAssignment\SourceCode\SAT\pairwise\results\no_preprocessing\matched_kmtotalizer\scen08.log
cardinality,kmtotalizer,off,scen09,infeasible,0.32,Time taken,D:\Research\FrequencyAssignment\SourceCode\SAT\pairwise\results\no_preprocessing\matched_kmtotalizer\scen09.log
cardinality,kmtotalizer,off,scen10,infeasible,0.33,Time taken,D:\Research\FrequencyAssignment\SourceCode\SAT\pairwise\results\no_preprocessing\matched_kmtotalizer\scen10.log
cardinality,kmtotalizer,off,scen11,timeout,,,D:\Research\FrequencyAssignment\SourceCode\SAT\pairwise\results\no_preprocessing\matched_kmtotalizer\scen11.log
cardinality,kmtotalizer,on,TUD200.1,optimal,22.82,Total time,D:\Research\FrequencyAssignment\SourceCode\SAT\pairwise\results\preprocessing\matched_kmtotalizer\TUD200.1.log
cardinality,kmtotalizer,on,TUD200.2,optimal,0.09,Total time,D:\Research\FrequencyAssignment\SourceCode\SAT\pairwise\results\preprocessing\matched_kmtotalizer\TUD200.2.log
cardinality,kmtotalizer,on,TUD200.3,optimal,14.48,Total time,D:\Research\FrequencyAssignment\SourceCode\SAT\pairwise\results\preprocessing\matched_kmtotalizer\TUD200.3.log
cardinality,kmtotalizer,on,TUD200.4,optimal,0.12,Total time,D:\Research\FrequencyAssignment\SourceCode\SAT\pairwise\results\preprocessing\matched_kmtotalizer\TUD200.4.log
cardinality,kmtotalizer,on,TUD200.5,infeasible,0.06,Time taken,D:\Research\FrequencyAssignment\SourceCode\SAT\pairwise\results\preprocessing\matched_kmtotalizer\TUD200.5.log
cardinality,kmtotalizer,on,TUD916.1,optimal,153.5,Total time,D:\Research\FrequencyAssignment\SourceCode\SAT\pairwise\results\preprocessing\matched_kmtotalizer\TUD916.1.log
cardinality,kmtotalizer,on,TUD916.2,optimal,0.35,Total time,D:\Research\FrequencyAssignment\SourceCode\SAT\pairwise\results\preprocessing\matched_kmtotalizer\TUD916.2.log
cardinality,kmtotalizer,on,TUD916.3,optimal,30.92,Total time,D:\Research\FrequencyAssignment\SourceCode\SAT\pairwise\results\preprocessing\matched_kmtotalizer\TUD916.3.log
cardinality,kmtotalizer,on,TUD916.4,optimal,0.59,Total time,D:\Research\FrequencyAssignment\SourceCode\SAT\pairwise\results\preprocessing\matched_kmtotalizer\TUD916.4.log
cardinality,kmtotalizer,on,TUD916.5,infeasible,0.21,Time taken,D:\Research\FrequencyAssignment\SourceCode\SAT\pairwise\results\preprocessing\matched_kmtotalizer\TUD916.5.log
cardinality,kmtotalizer,on,graph01,timeout,,,D:\Research\FrequencyAssignment\SourceCode\SAT\pairwise\results\preprocessing\matched_kmtotalizer\graph01.log
cardinality,kmtotalizer,on,graph02,timeout,,,D:\Research\FrequencyAssignment\SourceCode\SAT\pairwise\results\preprocessing\matched_kmtotalizer\graph02.log
cardinality,kmtotalizer,on,graph03,optimal,83.13,Total time,D:\Research\FrequencyAssignment\SourceCode\SAT\pairwise\results\preprocessing\matched_kmtotalizer\graph03.log
cardinality,kmtotalizer,on,graph04,optimal,186.65,Total time,D:\Research\FrequencyAssignment\SourceCode\SAT\pairwise\results\preprocessing\matched_kmtotalizer\graph04.log
cardinality,kmtotalizer,on,graph05,infeasible,0.05,Time taken,D:\Research\FrequencyAssignment\SourceCode\SAT\pairwise\results\preprocessing\matched_kmtotalizer\graph05.log
cardinality,kmtotalizer,on,graph06,infeasible,0.09,Time taken,D:\Research\FrequencyAssignment\SourceCode\SAT\pairwise\results\preprocessing\matched_kmtotalizer\graph06.log
cardinality,kmtotalizer,on,graph07,infeasible,0.01,Time taken,D:\Research\FrequencyAssignment\SourceCode\SAT\pairwise\results\preprocessing\matched_kmtotalizer\graph07.log
cardinality,kmtotalizer,on,graph08,timeout,,,D:\Research\FrequencyAssignment\SourceCode\SAT\pairwise\results\preprocessing\matched_kmtotalizer\graph08.log
cardinality,kmtotalizer,on,graph09,timeout,,,D:\Research\FrequencyAssignment\SourceCode\SAT\pairwise\results\preprocessing\matched_kmtotalizer\graph09.log
cardinality,kmtotalizer,on,graph10,timeout,,,D:\Research\FrequencyAssignment\SourceCode\SAT\pairwise\results\preprocessing\matched_kmtotalizer\graph10.log
cardinality,kmtotalizer,on,graph11,infeasible,0.17,Time taken,D:\Research\FrequencyAssignment\SourceCode\SAT\pairwise\results\preprocessing\matched_kmtotalizer\graph11.log
cardinality,kmtotalizer,on,graph12,infeasible,0.02,Time taken,D:\Research\FrequencyAssignment\SourceCode\SAT\pairwise\results\preprocessing\matched_kmtotalizer\graph12.log
cardinality,kmtotalizer,on,graph13,infeasible,0.25,Time taken,D:\Research\FrequencyAssignment\SourceCode\SAT\pairwise\results\preprocessing\matched_kmtotalizer\graph13.log
cardinality,kmtotalizer,on,graph14,optimal,42.78,Total time,D:\Research\FrequencyAssignment\SourceCode\SAT\pairwise\results\preprocessing\matched_kmtotalizer\graph14.log
cardinality,kmtotalizer,on,scen01,timeout,,,D:\Research\FrequencyAssignment\SourceCode\SAT\pairwise\results\preprocessing\matched_kmtotalizer\scen01.log
cardinality,kmtotalizer,on,scen02,timeout,,,D:\Research\FrequencyAssignment\SourceCode\SAT\pairwise\results\preprocessing\matched_kmtotalizer\scen02.log
cardinality,kmtotalizer,on,scen03,timeout,,,D:\Research\FrequencyAssignment\SourceCode\SAT\pairwise\results\preprocessing\matched_kmtotalizer\scen03.log
cardinality,kmtotalizer,on,scen04,optimal,0.14,Total time,D:\Research\FrequencyAssignment\SourceCode\SAT\pairwise\results\preprocessing\matched_kmtotalizer\scen04.log
cardinality,kmtotalizer,on,scen05,optimal,0.85,Total time,D:\Research\FrequencyAssignment\SourceCode\SAT\pairwise\results\preprocessing\matched_kmtotalizer\scen05.log
cardinality,kmtotalizer,on,scen06,infeasible,0.23,Time taken,D:\Research\FrequencyAssignment\SourceCode\SAT\pairwise\results\preprocessing\matched_kmtotalizer\scen06.log
cardinality,kmtotalizer,on,scen07,infeasible,0.21,Time taken,D:\Research\FrequencyAssignment\SourceCode\SAT\pairwise\results\preprocessing\matched_kmtotalizer\scen07.log
cardinality,kmtotalizer,on,scen08,infeasible,0.28,Time taken,D:\Research\FrequencyAssignment\SourceCode\SAT\pairwise\results\preprocessing\matched_kmtotalizer\scen08.log
cardinality,kmtotalizer,on,scen09,infeasible,0.01,Time taken,D:\Research\FrequencyAssignment\SourceCode\SAT\pairwise\results\preprocessing\matched_kmtotalizer\scen09.log
cardinality,kmtotalizer,on,scen10,infeasible,0.02,Time taken,D:\Research\FrequencyAssignment\SourceCode\SAT\pairwise\results\preprocessing\matched_kmtotalizer\scen10.log
cardinality,kmtotalizer,on,scen11,timeout,,,D:\Research\FrequencyAssignment\SourceCode\SAT\pairwise\results\preprocessing\matched_kmtotalizer\scen11.log
cardinality,seqcounter,off,TUD200.1,optimal,38.37,Total time,D:\Research\FrequencyAssignment\SourceCode\SAT\pairwise\results\no_preprocessing\matched_seqcounter\TUD200.1.log
cardinality,seqcounter,off,TUD200.2,optimal,1.93,Total time,D:\Research\FrequencyAssignment\SourceCode\SAT\pairwise\results\no_preprocessing\matched_seqcounter\TUD200.2.log
cardinality,seqcounter,off,TUD200.3,optimal,11.53,Total time,D:\Research\FrequencyAssignment\SourceCode\SAT\pairwise\results\no_preprocessing\matched_seqcounter\TUD200.3.log
cardinality,seqcounter,off,TUD200.4,optimal,1.58,Total time,D:\Research\FrequencyAssignment\SourceCode\SAT\pairwise\results\no_preprocessing\matched_seqcounter\TUD200.4.log
cardinality,seqcounter,off,TUD200.5,infeasible,1.64,Time taken,D:\Research\FrequencyAssignment\SourceCode\SAT\pairwise\results\no_preprocessing\matched_seqcounter\TUD200.5.log
cardinality,seqcounter,off,TUD916.1,optimal,58.05,Total time,D:\Research\FrequencyAssignment\SourceCode\SAT\pairwise\results\no_preprocessing\matched_seqcounter\TUD916.1.log
cardinality,seqcounter,off,TUD916.2,optimal,8.02,Total time,D:\Research\FrequencyAssignment\SourceCode\SAT\pairwise\results\no_preprocessing\matched_seqcounter\TUD916.2.log
cardinality,seqcounter,off,TUD916.3,optimal,21.82,Total time,D:\Research\FrequencyAssignment\SourceCode\SAT\pairwise\results\no_preprocessing\matched_seqcounter\TUD916.3.log
cardinality,seqcounter,off,TUD916.4,optimal,12.9,Total time,D:\Research\FrequencyAssignment\SourceCode\SAT\pairwise\results\no_preprocessing\matched_seqcounter\TUD916.4.log
cardinality,seqcounter,off,TUD916.5,infeasible,6.97,Time taken,D:\Research\FrequencyAssignment\SourceCode\SAT\pairwise\results\no_preprocessing\matched_seqcounter\TUD916.5.log
cardinality,seqcounter,off,graph01,timeout,,,D:\Research\FrequencyAssignment\SourceCode\SAT\pairwise\results\no_preprocessing\matched_seqcounter\graph01.log
cardinality,seqcounter,off,graph02,timeout,,,D:\Research\FrequencyAssignment\SourceCode\SAT\pairwise\results\no_preprocessing\matched_seqcounter\graph02.log
cardinality,seqcounter,off,graph03,optimal,74.13,Total time,D:\Research\FrequencyAssignment\SourceCode\SAT\pairwise\results\no_preprocessing\matched_seqcounter\graph03.log
cardinality,seqcounter,off,graph04,optimal,145.6,Total time,D:\Research\FrequencyAssignment\SourceCode\SAT\pairwise\results\no_preprocessing\matched_seqcounter\graph04.log
cardinality,seqcounter,off,graph05,infeasible,1.44,Time taken,D:\Research\FrequencyAssignment\SourceCode\SAT\pairwise\results\no_preprocessing\matched_seqcounter\graph05.log
cardinality,seqcounter,off,graph06,infeasible,3.0,Time taken,D:\Research\FrequencyAssignment\SourceCode\SAT\pairwise\results\no_preprocessing\matched_seqcounter\graph06.log
cardinality,seqcounter,off,graph07,infeasible,0.2,Time taken,D:\Research\FrequencyAssignment\SourceCode\SAT\pairwise\results\no_preprocessing\matched_seqcounter\graph07.log
cardinality,seqcounter,off,graph08,timeout,,,D:\Research\FrequencyAssignment\SourceCode\SAT\pairwise\results\no_preprocessing\matched_seqcounter\graph08.log
cardinality,seqcounter,off,graph09,timeout,,,D:\Research\FrequencyAssignment\SourceCode\SAT\pairwise\results\no_preprocessing\matched_seqcounter\graph09.log
cardinality,seqcounter,off,graph10,timeout,,,D:\Research\FrequencyAssignment\SourceCode\SAT\pairwise\results\no_preprocessing\matched_seqcounter\graph10.log
cardinality,seqcounter,off,graph11,infeasible,4.97,Time taken,D:\Research\FrequencyAssignment\SourceCode\SAT\pairwise\results\no_preprocessing\matched_seqcounter\graph11.log
cardinality,seqcounter,off,graph12,infeasible,0.4,Time taken,D:\Research\FrequencyAssignment\SourceCode\SAT\pairwise\results\no_preprocessing\matched_seqcounter\graph12.log
cardinality,seqcounter,off,graph13,infeasible,7.47,Time taken,D:\Research\FrequencyAssignment\SourceCode\SAT\pairwise\results\no_preprocessing\matched_seqcounter\graph13.log
cardinality,seqcounter,off,graph14,optimal,36.68,Total time,D:\Research\FrequencyAssignment\SourceCode\SAT\pairwise\results\no_preprocessing\matched_seqcounter\graph14.log
cardinality,seqcounter,off,scen01,timeout,,,D:\Research\FrequencyAssignment\SourceCode\SAT\pairwise\results\no_preprocessing\matched_seqcounter\scen01.log
cardinality,seqcounter,off,scen02,timeout,,,D:\Research\FrequencyAssignment\SourceCode\SAT\pairwise\results\no_preprocessing\matched_seqcounter\scen02.log
cardinality,seqcounter,off,scen03,timeout,,,D:\Research\FrequencyAssignment\SourceCode\SAT\pairwise\results\no_preprocessing\matched_seqcounter\scen03.log
cardinality,seqcounter,off,scen04,optimal,2.01,Total time,D:\Research\FrequencyAssignment\SourceCode\SAT\pairwise\results\no_preprocessing\matched_seqcounter\scen04.log
cardinality,seqcounter,off,scen05,optimal,20.28,Total time,D:\Research\FrequencyAssignment\SourceCode\SAT\pairwise\results\no_preprocessing\matched_seqcounter\scen05.log
cardinality,seqcounter,off,scen06,infeasible,2.41,Time taken,D:\Research\FrequencyAssignment\SourceCode\SAT\pairwise\results\no_preprocessing\matched_seqcounter\scen06.log
cardinality,seqcounter,off,scen07,infeasible,5.01,Time taken,D:\Research\FrequencyAssignment\SourceCode\SAT\pairwise\results\no_preprocessing\matched_seqcounter\scen07.log
cardinality,seqcounter,off,scen08,infeasible,9.15,Time taken,D:\Research\FrequencyAssignment\SourceCode\SAT\pairwise\results\no_preprocessing\matched_seqcounter\scen08.log
cardinality,seqcounter,off,scen09,infeasible,0.21,Time taken,D:\Research\FrequencyAssignment\SourceCode\SAT\pairwise\results\no_preprocessing\matched_seqcounter\scen09.log
cardinality,seqcounter,off,scen10,infeasible,0.21,Time taken,D:\Research\FrequencyAssignment\SourceCode\SAT\pairwise\results\no_preprocessing\matched_seqcounter\scen10.log
cardinality,seqcounter,off,scen11,timeout,,,D:\Research\FrequencyAssignment\SourceCode\SAT\pairwise\results\no_preprocessing\matched_seqcounter\scen11.log
cardinality,seqcounter,on,TUD200.1,optimal,37.41,Total time,D:\Research\FrequencyAssignment\SourceCode\SAT\pairwise\results\preprocessing\matched_seqcounter\TUD200.1.log
cardinality,seqcounter,on,TUD200.2,optimal,0.06,Total time,D:\Research\FrequencyAssignment\SourceCode\SAT\pairwise\results\preprocessing\matched_seqcounter\TUD200.2.log
cardinality,seqcounter,on,TUD200.3,optimal,4.98,Total time,D:\Research\FrequencyAssignment\SourceCode\SAT\pairwise\results\preprocessing\matched_seqcounter\TUD200.3.log
cardinality,seqcounter,on,TUD200.4,optimal,0.09,Total time,D:\Research\FrequencyAssignment\SourceCode\SAT\pairwise\results\preprocessing\matched_seqcounter\TUD200.4.log
cardinality,seqcounter,on,TUD200.5,infeasible,0.04,Time taken,D:\Research\FrequencyAssignment\SourceCode\SAT\pairwise\results\preprocessing\matched_seqcounter\TUD200.5.log
cardinality,seqcounter,on,TUD916.1,optimal,76.92,Total time,D:\Research\FrequencyAssignment\SourceCode\SAT\pairwise\results\preprocessing\matched_seqcounter\TUD916.1.log
cardinality,seqcounter,on,TUD916.2,optimal,0.27,Total time,D:\Research\FrequencyAssignment\SourceCode\SAT\pairwise\results\preprocessing\matched_seqcounter\TUD916.2.log
cardinality,seqcounter,on,TUD916.3,optimal,22.14,Total time,D:\Research\FrequencyAssignment\SourceCode\SAT\pairwise\results\preprocessing\matched_seqcounter\TUD916.3.log
cardinality,seqcounter,on,TUD916.4,optimal,0.44,Total time,D:\Research\FrequencyAssignment\SourceCode\SAT\pairwise\results\preprocessing\matched_seqcounter\TUD916.4.log
cardinality,seqcounter,on,TUD916.5,infeasible,0.14,Time taken,D:\Research\FrequencyAssignment\SourceCode\SAT\pairwise\results\preprocessing\matched_seqcounter\TUD916.5.log
cardinality,seqcounter,on,graph01,timeout,,,D:\Research\FrequencyAssignment\SourceCode\SAT\pairwise\results\preprocessing\matched_seqcounter\graph01.log
cardinality,seqcounter,on,graph02,timeout,,,D:\Research\FrequencyAssignment\SourceCode\SAT\pairwise\results\preprocessing\matched_seqcounter\graph02.log
cardinality,seqcounter,on,graph03,optimal,56.14,Total time,D:\Research\FrequencyAssignment\SourceCode\SAT\pairwise\results\preprocessing\matched_seqcounter\graph03.log
cardinality,seqcounter,on,graph04,optimal,149.2,Total time,D:\Research\FrequencyAssignment\SourceCode\SAT\pairwise\results\preprocessing\matched_seqcounter\graph04.log
cardinality,seqcounter,on,graph05,infeasible,0.03,Time taken,D:\Research\FrequencyAssignment\SourceCode\SAT\pairwise\results\preprocessing\matched_seqcounter\graph05.log
cardinality,seqcounter,on,graph06,infeasible,0.07,Time taken,D:\Research\FrequencyAssignment\SourceCode\SAT\pairwise\results\preprocessing\matched_seqcounter\graph06.log
cardinality,seqcounter,on,graph07,infeasible,0.0,Time taken,D:\Research\FrequencyAssignment\SourceCode\SAT\pairwise\results\preprocessing\matched_seqcounter\graph07.log
cardinality,seqcounter,on,graph08,timeout,,,D:\Research\FrequencyAssignment\SourceCode\SAT\pairwise\results\preprocessing\matched_seqcounter\graph08.log
cardinality,seqcounter,on,graph09,timeout,,,D:\Research\FrequencyAssignment\SourceCode\SAT\pairwise\results\preprocessing\matched_seqcounter\graph09.log
cardinality,seqcounter,on,graph10,timeout,,,D:\Research\FrequencyAssignment\SourceCode\SAT\pairwise\results\preprocessing\matched_seqcounter\graph10.log
cardinality,seqcounter,on,graph11,infeasible,0.12,Time taken,D:\Research\FrequencyAssignment\SourceCode\SAT\pairwise\results\preprocessing\matched_seqcounter\graph11.log
cardinality,seqcounter,on,graph12,infeasible,0.01,Time taken,D:\Research\FrequencyAssignment\SourceCode\SAT\pairwise\results\preprocessing\matched_seqcounter\graph12.log
cardinality,seqcounter,on,graph13,infeasible,0.19,Time taken,D:\Research\FrequencyAssignment\SourceCode\SAT\pairwise\results\preprocessing\matched_seqcounter\graph13.log
cardinality,seqcounter,on,graph14,optimal,36.85,Total time,D:\Research\FrequencyAssignment\SourceCode\SAT\pairwise\results\preprocessing\matched_seqcounter\graph14.log
cardinality,seqcounter,on,scen01,timeout,,,D:\Research\FrequencyAssignment\SourceCode\SAT\pairwise\results\preprocessing\matched_seqcounter\scen01.log
cardinality,seqcounter,on,scen02,timeout,,,D:\Research\FrequencyAssignment\SourceCode\SAT\pairwise\results\preprocessing\matched_seqcounter\scen02.log
cardinality,seqcounter,on,scen03,timeout,,,D:\Research\FrequencyAssignment\SourceCode\SAT\pairwise\results\preprocessing\matched_seqcounter\scen03.log
cardinality,seqcounter,on,scen04,optimal,0.08,Total time,D:\Research\FrequencyAssignment\SourceCode\SAT\pairwise\results\preprocessing\matched_seqcounter\scen04.log
cardinality,seqcounter,on,scen05,optimal,0.57,Total time,D:\Research\FrequencyAssignment\SourceCode\SAT\pairwise\results\preprocessing\matched_seqcounter\scen05.log
cardinality,seqcounter,on,scen06,infeasible,0.18,Time taken,D:\Research\FrequencyAssignment\SourceCode\SAT\pairwise\results\preprocessing\matched_seqcounter\scen06.log
cardinality,seqcounter,on,scen07,infeasible,0.16,Time taken,D:\Research\FrequencyAssignment\SourceCode\SAT\pairwise\results\preprocessing\matched_seqcounter\scen07.log
cardinality,seqcounter,on,scen08,infeasible,0.22,Time taken,D:\Research\FrequencyAssignment\SourceCode\SAT\pairwise\results\preprocessing\matched_seqcounter\scen08.log
cardinality,seqcounter,on,scen09,infeasible,0.01,Time taken,D:\Research\FrequencyAssignment\SourceCode\SAT\pairwise\results\preprocessing\matched_seqcounter\scen09.log
cardinality,seqcounter,on,scen10,infeasible,0.01,Time taken,D:\Research\FrequencyAssignment\SourceCode\SAT\pairwise\results\preprocessing\matched_seqcounter\scen10.log
cardinality,seqcounter,on,scen11,timeout,,,D:\Research\FrequencyAssignment\SourceCode\SAT\pairwise\results\preprocessing\matched_seqcounter\scen11.log
cardinality,totalizer,off,TUD200.1,optimal,48.14,Total time,D:\Research\FrequencyAssignment\SourceCode\SAT\pairwise\results\no_preprocessing\matched_totalizer\TUD200.1.log
cardinality,totalizer,off,TUD200.2,optimal,9.71,Total time,D:\Research\FrequencyAssignment\SourceCode\SAT\pairwise\results\no_preprocessing\matched_totalizer\TUD200.2.log
cardinality,totalizer,off,TUD200.3,optimal,7.84,Total time,D:\Research\FrequencyAssignment\SourceCode\SAT\pairwise\results\no_preprocessing\matched_totalizer\TUD200.3.log
cardinality,totalizer,off,TUD200.4,optimal,7.22,Total time,D:\Research\FrequencyAssignment\SourceCode\SAT\pairwise\results\no_preprocessing\matched_totalizer\TUD200.4.log
cardinality,totalizer,off,TUD200.5,infeasible,7.09,Time taken,D:\Research\FrequencyAssignment\SourceCode\SAT\pairwise\results\no_preprocessing\matched_totalizer\TUD200.5.log
cardinality,totalizer,off,TUD916.1,optimal,79.0,Total time,D:\Research\FrequencyAssignment\SourceCode\SAT\pairwise\results\no_preprocessing\matched_totalizer\TUD916.1.log
cardinality,totalizer,off,TUD916.2,optimal,40.46,Total time,D:\Research\FrequencyAssignment\SourceCode\SAT\pairwise\results\no_preprocessing\matched_totalizer\TUD916.2.log
cardinality,totalizer,off,TUD916.3,optimal,55.7,Total time,D:\Research\FrequencyAssignment\SourceCode\SAT\pairwise\results\no_preprocessing\matched_totalizer\TUD916.3.log
cardinality,totalizer,off,TUD916.4,optimal,72.62,Total time,D:\Research\FrequencyAssignment\SourceCode\SAT\pairwise\results\no_preprocessing\matched_totalizer\TUD916.4.log
cardinality,totalizer,off,TUD916.5,infeasible,29.34,Time taken,D:\Research\FrequencyAssignment\SourceCode\SAT\pairwise\results\no_preprocessing\matched_totalizer\TUD916.5.log
cardinality,totalizer,off,graph01,timeout,,,D:\Research\FrequencyAssignment\SourceCode\SAT\pairwise\results\no_preprocessing\matched_totalizer\graph01.log
cardinality,totalizer,off,graph02,timeout,,,D:\Research\FrequencyAssignment\SourceCode\SAT\pairwise\results\no_preprocessing\matched_totalizer\graph02.log
cardinality,totalizer,off,graph03,optimal,114.39,Total time,D:\Research\FrequencyAssignment\SourceCode\SAT\pairwise\results\no_preprocessing\matched_totalizer\graph03.log
cardinality,totalizer,off,graph04,optimal,254.79,Total time,D:\Research\FrequencyAssignment\SourceCode\SAT\pairwise\results\no_preprocessing\matched_totalizer\graph04.log
cardinality,totalizer,off,graph05,infeasible,6.25,Time taken,D:\Research\FrequencyAssignment\SourceCode\SAT\pairwise\results\no_preprocessing\matched_totalizer\graph05.log
cardinality,totalizer,off,graph06,infeasible,12.57,Time taken,D:\Research\FrequencyAssignment\SourceCode\SAT\pairwise\results\no_preprocessing\matched_totalizer\graph06.log
cardinality,totalizer,off,graph07,infeasible,0.75,Time taken,D:\Research\FrequencyAssignment\SourceCode\SAT\pairwise\results\no_preprocessing\matched_totalizer\graph07.log
cardinality,totalizer,off,graph08,timeout,,,D:\Research\FrequencyAssignment\SourceCode\SAT\pairwise\results\no_preprocessing\matched_totalizer\graph08.log
cardinality,totalizer,off,graph09,timeout,,,D:\Research\FrequencyAssignment\SourceCode\SAT\pairwise\results\no_preprocessing\matched_totalizer\graph09.log
cardinality,totalizer,off,graph10,timeout,,,D:\Research\FrequencyAssignment\SourceCode\SAT\pairwise\results\no_preprocessing\matched_totalizer\graph10.log
cardinality,totalizer,off,graph11,infeasible,22.48,Time taken,D:\Research\FrequencyAssignment\SourceCode\SAT\pairwise\results\no_preprocessing\matched_totalizer\graph11.log
cardinality,totalizer,off,graph12,infeasible,1.53,Time taken,D:\Research\FrequencyAssignment\SourceCode\SAT\pairwise\results\no_preprocessing\matched_totalizer\graph12.log
cardinality,totalizer,off,graph13,infeasible,33.23,Time taken,D:\Research\FrequencyAssignment\SourceCode\SAT\pairwise\results\no_preprocessing\matched_totalizer\graph13.log
cardinality,totalizer,off,graph14,optimal,52.28,Total time,D:\Research\FrequencyAssignment\SourceCode\SAT\pairwise\results\no_preprocessing\matched_totalizer\graph14.log
cardinality,totalizer,off,scen01,timeout,,,D:\Research\FrequencyAssignment\SourceCode\SAT\pairwise\results\no_preprocessing\matched_totalizer\scen01.log
cardinality,totalizer,off,scen02,timeout,,,D:\Research\FrequencyAssignment\SourceCode\SAT\pairwise\results\no_preprocessing\matched_totalizer\scen02.log
cardinality,totalizer,off,scen03,timeout,,,D:\Research\FrequencyAssignment\SourceCode\SAT\pairwise\results\no_preprocessing\matched_totalizer\scen03.log
cardinality,totalizer,off,scen04,optimal,10.62,Total time,D:\Research\FrequencyAssignment\SourceCode\SAT\pairwise\results\no_preprocessing\matched_totalizer\scen04.log
cardinality,totalizer,off,scen05,optimal,94.62,Total time,D:\Research\FrequencyAssignment\SourceCode\SAT\pairwise\results\no_preprocessing\matched_totalizer\scen05.log
cardinality,totalizer,off,scen06,infeasible,11.71,Time taken,D:\Research\FrequencyAssignment\SourceCode\SAT\pairwise\results\no_preprocessing\matched_totalizer\scen06.log
cardinality,totalizer,off,scen07,infeasible,25.66,Time taken,D:\Research\FrequencyAssignment\SourceCode\SAT\pairwise\results\no_preprocessing\matched_totalizer\scen07.log
cardinality,totalizer,off,scen08,infeasible,46.04,Time taken,D:\Research\FrequencyAssignment\SourceCode\SAT\pairwise\results\no_preprocessing\matched_totalizer\scen08.log
cardinality,totalizer,off,scen09,infeasible,0.78,Time taken,D:\Research\FrequencyAssignment\SourceCode\SAT\pairwise\results\no_preprocessing\matched_totalizer\scen09.log
cardinality,totalizer,off,scen10,infeasible,0.77,Time taken,D:\Research\FrequencyAssignment\SourceCode\SAT\pairwise\results\no_preprocessing\matched_totalizer\scen10.log
cardinality,totalizer,off,scen11,timeout,,,D:\Research\FrequencyAssignment\SourceCode\SAT\pairwise\results\no_preprocessing\matched_totalizer\scen11.log
cardinality,totalizer,on,TUD200.1,optimal,29.43,Total time,D:\Research\FrequencyAssignment\SourceCode\SAT\pairwise\results\preprocessing\matched_totalizer\TUD200.1.log
cardinality,totalizer,on,TUD200.2,optimal,0.06,Total time,D:\Research\FrequencyAssignment\SourceCode\SAT\pairwise\results\preprocessing\matched_totalizer\TUD200.2.log
cardinality,totalizer,on,TUD200.3,optimal,8.2,Total time,D:\Research\FrequencyAssignment\SourceCode\SAT\pairwise\results\preprocessing\matched_totalizer\TUD200.3.log
cardinality,totalizer,on,TUD200.4,optimal,0.12,Total time,D:\Research\FrequencyAssignment\SourceCode\SAT\pairwise\results\preprocessing\matched_totalizer\TUD200.4.log
cardinality,totalizer,on,TUD200.5,infeasible,0.04,Time taken,D:\Research\FrequencyAssignment\SourceCode\SAT\pairwise\results\preprocessing\matched_totalizer\TUD200.5.log
cardinality,totalizer,on,TUD916.1,optimal,110.03,Total time,D:\Research\FrequencyAssignment\SourceCode\SAT\pairwise\results\preprocessing\matched_totalizer\TUD916.1.log
cardinality,totalizer,on,TUD916.2,optimal,0.28,Total time,D:\Research\FrequencyAssignment\SourceCode\SAT\pairwise\results\preprocessing\matched_totalizer\TUD916.2.log
cardinality,totalizer,on,TUD916.3,optimal,51.12,Total time,D:\Research\FrequencyAssignment\SourceCode\SAT\pairwise\results\preprocessing\matched_totalizer\TUD916.3.log
cardinality,totalizer,on,TUD916.4,optimal,0.47,Total time,D:\Research\FrequencyAssignment\SourceCode\SAT\pairwise\results\preprocessing\matched_totalizer\TUD916.4.log
cardinality,totalizer,on,TUD916.5,infeasible,0.15,Time taken,D:\Research\FrequencyAssignment\SourceCode\SAT\pairwise\results\preprocessing\matched_totalizer\TUD916.5.log
cardinality,totalizer,on,graph01,timeout,,,D:\Research\FrequencyAssignment\SourceCode\SAT\pairwise\results\preprocessing\matched_totalizer\graph01.log
cardinality,totalizer,on,graph02,timeout,,,D:\Research\FrequencyAssignment\SourceCode\SAT\pairwise\results\preprocessing\matched_totalizer\graph02.log
cardinality,totalizer,on,graph03,optimal,118.41,Total time,D:\Research\FrequencyAssignment\SourceCode\SAT\pairwise\results\preprocessing\matched_totalizer\graph03.log
cardinality,totalizer,on,graph04,optimal,241.8,Total time,D:\Research\FrequencyAssignment\SourceCode\SAT\pairwise\results\preprocessing\matched_totalizer\graph04.log
cardinality,totalizer,on,graph05,infeasible,0.03,Time taken,D:\Research\FrequencyAssignment\SourceCode\SAT\pairwise\results\preprocessing\matched_totalizer\graph05.log
cardinality,totalizer,on,graph06,infeasible,0.07,Time taken,D:\Research\FrequencyAssignment\SourceCode\SAT\pairwise\results\preprocessing\matched_totalizer\graph06.log
cardinality,totalizer,on,graph07,infeasible,0.0,Time taken,D:\Research\FrequencyAssignment\SourceCode\SAT\pairwise\results\preprocessing\matched_totalizer\graph07.log
cardinality,totalizer,on,graph08,timeout,,,D:\Research\FrequencyAssignment\SourceCode\SAT\pairwise\results\preprocessing\matched_totalizer\graph08.log
cardinality,totalizer,on,graph09,timeout,,,D:\Research\FrequencyAssignment\SourceCode\SAT\pairwise\results\preprocessing\matched_totalizer\graph09.log
cardinality,totalizer,on,graph10,timeout,,,D:\Research\FrequencyAssignment\SourceCode\SAT\pairwise\results\preprocessing\matched_totalizer\graph10.log
cardinality,totalizer,on,graph11,infeasible,0.12,Time taken,D:\Research\FrequencyAssignment\SourceCode\SAT\pairwise\results\preprocessing\matched_totalizer\graph11.log
cardinality,totalizer,on,graph12,infeasible,0.01,Time taken,D:\Research\FrequencyAssignment\SourceCode\SAT\pairwise\results\preprocessing\matched_totalizer\graph12.log
cardinality,totalizer,on,graph13,infeasible,0.19,Time taken,D:\Research\FrequencyAssignment\SourceCode\SAT\pairwise\results\preprocessing\matched_totalizer\graph13.log
cardinality,totalizer,on,graph14,optimal,52.42,Total time,D:\Research\FrequencyAssignment\SourceCode\SAT\pairwise\results\preprocessing\matched_totalizer\graph14.log
cardinality,totalizer,on,scen01,timeout,,,D:\Research\FrequencyAssignment\SourceCode\SAT\pairwise\results\preprocessing\matched_totalizer\scen01.log
cardinality,totalizer,on,scen02,timeout,,,D:\Research\FrequencyAssignment\SourceCode\SAT\pairwise\results\preprocessing\matched_totalizer\scen02.log
cardinality,totalizer,on,scen03,timeout,,,D:\Research\FrequencyAssignment\SourceCode\SAT\pairwise\results\preprocessing\matched_totalizer\scen03.log
cardinality,totalizer,on,scen04,optimal,0.1,Total time,D:\Research\FrequencyAssignment\SourceCode\SAT\pairwise\results\preprocessing\matched_totalizer\scen04.log
cardinality,totalizer,on,scen05,optimal,1.18,Total time,D:\Research\FrequencyAssignment\SourceCode\SAT\pairwise\results\preprocessing\matched_totalizer\scen05.log
cardinality,totalizer,on,scen06,infeasible,0.18,Time taken,D:\Research\FrequencyAssignment\SourceCode\SAT\pairwise\results\preprocessing\matched_totalizer\scen06.log
cardinality,totalizer,on,scen07,infeasible,0.16,Time taken,D:\Research\FrequencyAssignment\SourceCode\SAT\pairwise\results\preprocessing\matched_totalizer\scen07.log
cardinality,totalizer,on,scen08,infeasible,0.22,Time taken,D:\Research\FrequencyAssignment\SourceCode\SAT\pairwise\results\preprocessing\matched_totalizer\scen08.log
cardinality,totalizer,on,scen09,infeasible,0.01,Time taken,D:\Research\FrequencyAssignment\SourceCode\SAT\pairwise\results\preprocessing\matched_totalizer\scen09.log
cardinality,totalizer,on,scen10,infeasible,0.01,Time taken,D:\Research\FrequencyAssignment\SourceCode\SAT\pairwise\results\preprocessing\matched_totalizer\scen10.log
cardinality,totalizer,on,scen11,timeout,,,D:\Research\FrequencyAssignment\SourceCode\SAT\pairwise\results\preprocessing\matched_totalizer\scen11.log
cpsat,default,off,TUD200.1,optimal,8.11,Total time,D:\Research\FrequencyAssignment\SourceCode\CPSAT\results\no_preprocessing\TUD200.1.log
cpsat,default,off,TUD200.2,optimal,5.27,Total time,D:\Research\FrequencyAssignment\SourceCode\CPSAT\results\no_preprocessing\TUD200.2.log
cpsat,default,off,TUD200.3,optimal,5.24,Total time,D:\Research\FrequencyAssignment\SourceCode\CPSAT\results\no_preprocessing\TUD200.3.log
cpsat,default,off,TUD200.4,optimal,4.76,Total time,D:\Research\FrequencyAssignment\SourceCode\CPSAT\results\no_preprocessing\TUD200.4.log
cpsat,default,off,TUD200.5,infeasible,4.45,Total time,D:\Research\FrequencyAssignment\SourceCode\CPSAT\results\no_preprocessing\TUD200.5.log
cpsat,default,off,TUD916.1,optimal,32.41,Total time,D:\Research\FrequencyAssignment\SourceCode\CPSAT\results\no_preprocessing\TUD916.1.log
cpsat,default,off,TUD916.2,optimal,23.14,Total time,D:\Research\FrequencyAssignment\SourceCode\CPSAT\results\no_preprocessing\TUD916.2.log
cpsat,default,off,TUD916.3,optimal,19.88,Total time,D:\Research\FrequencyAssignment\SourceCode\CPSAT\results\no_preprocessing\TUD916.3.log
cpsat,default,off,TUD916.4,optimal,26.88,Total time,D:\Research\FrequencyAssignment\SourceCode\CPSAT\results\no_preprocessing\TUD916.4.log
cpsat,default,off,TUD916.5,infeasible,17.04,Total time,D:\Research\FrequencyAssignment\SourceCode\CPSAT\results\no_preprocessing\TUD916.5.log
cpsat,default,off,graph01,optimal,1.65,Total time,D:\Research\FrequencyAssignment\SourceCode\CPSAT\results\no_preprocessing\graph01.log
cpsat,default,off,graph02,optimal,53.5,Total time,D:\Research\FrequencyAssignment\SourceCode\CPSAT\results\no_preprocessing\graph02.log
cpsat,default,off,graph03,optimal,29.6,Total time,D:\Research\FrequencyAssignment\SourceCode\CPSAT\results\no_preprocessing\graph03.log
cpsat,default,off,graph04,optimal,58.4,Total time,D:\Research\FrequencyAssignment\SourceCode\CPSAT\results\no_preprocessing\graph04.log
cpsat,default,off,graph05,infeasible,4.0,Total time,D:\Research\FrequencyAssignment\SourceCode\CPSAT\results\no_preprocessing\graph05.log
cpsat,default,off,graph06,infeasible,7.22,Total time,D:\Research\FrequencyAssignment\SourceCode\CPSAT\results\no_preprocessing\graph06.log
cpsat,default,off,graph07,infeasible,0.43,Total time,D:\Research\FrequencyAssignment\SourceCode\CPSAT\results\no_preprocessing\graph07.log
cpsat,default,off,graph08,optimal,78.14,Total time,D:\Research\FrequencyAssignment\SourceCode\CPSAT\results\no_preprocessing\graph08.log
cpsat,default,off,graph09,optimal,74.26,Total time,D:\Research\FrequencyAssignment\SourceCode\CPSAT\results\no_preprocessing\graph09.log
cpsat,default,off,graph10,optimal,349.25,Total time,D:\Research\FrequencyAssignment\SourceCode\CPSAT\results\no_preprocessing\graph10.log
cpsat,default,off,graph11,infeasible,12.96,Total time,D:\Research\FrequencyAssignment\SourceCode\CPSAT\results\no_preprocessing\graph11.log
cpsat,default,off,graph12,infeasible,0.91,Total time,D:\Research\FrequencyAssignment\SourceCode\CPSAT\results\no_preprocessing\graph12.log
cpsat,default,off,graph13,infeasible,18.18,Total time,D:\Research\FrequencyAssignment\SourceCode\CPSAT\results\no_preprocessing\graph13.log
cpsat,default,off,graph14,optimal,43.13,Total time,D:\Research\FrequencyAssignment\SourceCode\CPSAT\results\no_preprocessing\graph14.log
cpsat,default,off,scen01,timeout,,Total time,D:\Research\FrequencyAssignment\SourceCode\CPSAT\results\no_preprocessing\scen01.log
cpsat,default,off,scen02,optimal,10.75,Total time,D:\Research\FrequencyAssignment\SourceCode\CPSAT\results\no_preprocessing\scen02.log
cpsat,default,off,scen03,timeout,,Total time,D:\Research\FrequencyAssignment\SourceCode\CPSAT\results\no_preprocessing\scen03.log
cpsat,default,off,scen04,optimal,5.33,Total time,D:\Research\FrequencyAssignment\SourceCode\CPSAT\results\no_preprocessing\scen04.log
cpsat,default,off,scen05,optimal,18.07,Total time,D:\Research\FrequencyAssignment\SourceCode\CPSAT\results\no_preprocessing\scen05.log
cpsat,default,off,scen06,infeasible,7.63,Total time,D:\Research\FrequencyAssignment\SourceCode\CPSAT\results\no_preprocessing\scen06.log
cpsat,default,off,scen07,infeasible,13.55,Total time,D:\Research\FrequencyAssignment\SourceCode\CPSAT\results\no_preprocessing\scen07.log
cpsat,default,off,scen08,infeasible,25.31,Total time,D:\Research\FrequencyAssignment\SourceCode\CPSAT\results\no_preprocessing\scen08.log
cpsat,default,off,scen09,infeasible,0.43,Total time,D:\Research\FrequencyAssignment\SourceCode\CPSAT\results\no_preprocessing\scen09.log
cpsat,default,off,scen10,infeasible,0.44,Total time,D:\Research\FrequencyAssignment\SourceCode\CPSAT\results\no_preprocessing\scen10.log
cpsat,default,off,scen11,timeout,,Total time,D:\Research\FrequencyAssignment\SourceCode\CPSAT\results\no_preprocessing\scen11.log
cpsat,default,on,TUD200.1,optimal,12.38,Total time,D:\Research\FrequencyAssignment\SourceCode\CPSAT\results\preprocessing\TUD200.1.log
cpsat,default,on,TUD200.2,optimal,0.1,Total time,D:\Research\FrequencyAssignment\SourceCode\CPSAT\results\preprocessing\TUD200.2.log
cpsat,default,on,TUD200.3,optimal,6.0,Total time,D:\Research\FrequencyAssignment\SourceCode\CPSAT\results\preprocessing\TUD200.3.log
cpsat,default,on,TUD200.4,optimal,0.19,Total time,D:\Research\FrequencyAssignment\SourceCode\CPSAT\results\preprocessing\TUD200.4.log
cpsat,default,on,TUD200.5,infeasible,0.05,Total time,D:\Research\FrequencyAssignment\SourceCode\CPSAT\results\preprocessing\TUD200.5.log
cpsat,default,on,TUD916.1,optimal,34.52,Total time,D:\Research\FrequencyAssignment\SourceCode\CPSAT\results\preprocessing\TUD916.1.log
cpsat,default,on,TUD916.2,optimal,0.4,Total time,D:\Research\FrequencyAssignment\SourceCode\CPSAT\results\preprocessing\TUD916.2.log
cpsat,default,on,TUD916.3,optimal,18.09,Total time,D:\Research\FrequencyAssignment\SourceCode\CPSAT\results\preprocessing\TUD916.3.log
cpsat,default,on,TUD916.4,optimal,0.69,Total time,D:\Research\FrequencyAssignment\SourceCode\CPSAT\results\preprocessing\TUD916.4.log
cpsat,default,on,TUD916.5,infeasible,0.19,Total time,D:\Research\FrequencyAssignment\SourceCode\CPSAT\results\preprocessing\TUD916.5.log
cpsat,default,on,graph01,optimal,1.68,Total time,D:\Research\FrequencyAssignment\SourceCode\CPSAT\results\preprocessing\graph01.log
cpsat,default,on,graph02,optimal,30.86,Total time,D:\Research\FrequencyAssignment\SourceCode\CPSAT\results\preprocessing\graph02.log
cpsat,default,on,graph03,optimal,27.21,Total time,D:\Research\FrequencyAssignment\SourceCode\CPSAT\results\preprocessing\graph03.log
cpsat,default,on,graph04,optimal,59.21,Total time,D:\Research\FrequencyAssignment\SourceCode\CPSAT\results\preprocessing\graph04.log
cpsat,default,on,graph05,infeasible,0.04,Total time,D:\Research\FrequencyAssignment\SourceCode\CPSAT\results\preprocessing\graph05.log
cpsat,default,on,graph06,infeasible,0.1,Total time,D:\Research\FrequencyAssignment\SourceCode\CPSAT\results\preprocessing\graph06.log
cpsat,default,on,graph07,infeasible,0.01,Total time,D:\Research\FrequencyAssignment\SourceCode\CPSAT\results\preprocessing\graph07.log
cpsat,default,on,graph08,optimal,96.06,Total time,D:\Research\FrequencyAssignment\SourceCode\CPSAT\results\preprocessing\graph08.log
cpsat,default,on,graph09,optimal,55.91,Total time,D:\Research\FrequencyAssignment\SourceCode\CPSAT\results\preprocessing\graph09.log
cpsat,default,on,graph10,optimal,386.77,Total time,D:\Research\FrequencyAssignment\SourceCode\CPSAT\results\preprocessing\graph10.log
cpsat,default,on,graph11,infeasible,0.17,Total time,D:\Research\FrequencyAssignment\SourceCode\CPSAT\results\preprocessing\graph11.log
cpsat,default,on,graph12,infeasible,0.01,Total time,D:\Research\FrequencyAssignment\SourceCode\CPSAT\results\preprocessing\graph12.log
cpsat,default,on,graph13,infeasible,0.26,Total time,D:\Research\FrequencyAssignment\SourceCode\CPSAT\results\preprocessing\graph13.log
cpsat,default,on,graph14,optimal,32.92,Total time,D:\Research\FrequencyAssignment\SourceCode\CPSAT\results\preprocessing\graph14.log
cpsat,default,on,scen01,timeout,,Total time,D:\Research\FrequencyAssignment\SourceCode\CPSAT\results\preprocessing\scen01.log
cpsat,default,on,scen02,optimal,10.7,Total time,D:\Research\FrequencyAssignment\SourceCode\CPSAT\results\preprocessing\scen02.log
cpsat,default,on,scen03,timeout,,Total time,D:\Research\FrequencyAssignment\SourceCode\CPSAT\results\preprocessing\scen03.log
cpsat,default,on,scen04,optimal,0.19,Total time,D:\Research\FrequencyAssignment\SourceCode\CPSAT\results\preprocessing\scen04.log
cpsat,default,on,scen05,optimal,1.49,Total time,D:\Research\FrequencyAssignment\SourceCode\CPSAT\results\preprocessing\scen05.log
cpsat,default,on,scen06,infeasible,0.25,Total time,D:\Research\FrequencyAssignment\SourceCode\CPSAT\results\preprocessing\scen06.log
cpsat,default,on,scen07,infeasible,0.21,Total time,D:\Research\FrequencyAssignment\SourceCode\CPSAT\results\preprocessing\scen07.log
cpsat,default,on,scen08,infeasible,0.29,Total time,D:\Research\FrequencyAssignment\SourceCode\CPSAT\results\preprocessing\scen08.log
cpsat,default,on,scen09,infeasible,0.01,Total time,D:\Research\FrequencyAssignment\SourceCode\CPSAT\results\preprocessing\scen09.log
cpsat,default,on,scen10,infeasible,0.01,Total time,D:\Research\FrequencyAssignment\SourceCode\CPSAT\results\preprocessing\scen10.log
cpsat,default,on,scen11,optimal,252.0,Total time,D:\Research\FrequencyAssignment\SourceCode\CPSAT\results\preprocessing\scen11.log
