family,variant,preprocessing,dataset,status,time_taken_s,total_time_s,log_path
cardinality,bitwise,off,TUD200.1,optimal,,55.36,D:\Research\FrequencyAssignment\SourceCode\SAT\pairwise\results\no_preprocessing\matched_bitwise\TUD200.1.log
cardinality,bitwise,off,TUD200.2,optimal,3.24,3.02,D:\Research\FrequencyAssignment\SourceCode\SAT\pairwise\results\no_preprocessing\matched_bitwise\TUD200.2.log
cardinality,bitwise,off,TUD200.3,optimal,,7.6,D:\Research\FrequencyAssignment\SourceCode\SAT\pairwise\results\no_preprocessing\matched_bitwise\TUD200.3.log
cardinality,bitwise,off,TUD200.4,optimal,,2.07,D:\Research\FrequencyAssignment\SourceCode\SAT\pairwise\results\no_preprocessing\matched_bitwise\TUD200.4.log
cardinality,bitwise,off,TUD200.5,infeasible,2.41,,D:\Research\FrequencyAssignment\SourceCode\SAT\pairwise\results\no_preprocessing\matched_bitwise\TUD200.5.log
cardinality,bitwise,off,TUD916.1,optimal,,91.63,D:\Research\FrequencyAssignment\SourceCode\SAT\pairwise\results\no_preprocessing\matched_bitwise\TUD916.1.log
cardinality,bitwise,off,TUD916.2,optimal,12.98,12.74,D:\Research\FrequencyAssignment\SourceCode\SAT\pairwise\results\no_preprocessing\matched_bitwise\TUD916.2.log
cardinality,bitwise,off,TUD916.3,optimal,,25.74,D:\Research\FrequencyAssignment\SourceCode\SAT\pairwise\results\no_preprocessing\matched_bitwise\TUD916.3.log
cardinality,bitwise,off,TUD916.4,optimal,,15.26,D:\Research\FrequencyAssignment\SourceCode\SAT\pairwise\results\no_preprocessing\matched_bitwise\TUD916.4.log
cardinality,bitwise,off,TUD916.5,infeasible,10.28,,D:\Research\FrequencyAssignment\SourceCode\SAT\pairwise\results\no_preprocessing\matched_bitwise\TUD916.5.log
cardinality,bitwise,off,graph01,timeout,,0.49,D:\Research\FrequencyAssignment\SourceCode\SAT\pairwise\results\no_preprocessing\matched_bitwise\graph01.log
cardinality,bitwise,off,graph02,timeout,,1.33,D:\Research\FrequencyAssignment\SourceCode\SAT\pairwise\results\no_preprocessing\matched_bitwise\graph02.log
cardinality,bitwise,off,graph03,optimal,,83.03,D:\Research\FrequencyAssignment\SourceCode\SAT\pairwise\results\no_preprocessing\matched_bitwise\graph03.log
cardinality,bitwise,off,graph04,optimal,,177.75,D:\Research\FrequencyAssignment\SourceCode\SAT\pairwise\results\no_preprocessing\matched_bitwise\graph04.log
cardinality,bitwise,off,graph05,infeasible,2.09,,D:\Research\FrequencyAssignment\SourceCode\SAT\pairwise\results\no_preprocessing\matched_bitwise\graph05.log
cardinality,bitwise,off,graph06,infeasible,4.24,,D:\Research\FrequencyAssignment\SourceCode\SAT\pairwise\results\no_preprocessing\matched_bitwise\graph06.log
cardinality,bitwise,off,graph07,infeasible,0.3,,D:\Research\FrequencyAssignment\SourceCode\SAT\pairwise\results\no_preprocessing\matched_bitwise\graph07.log
cardinality,bitwise,off,graph08,timeout,,2.95,D:\Research\FrequencyAssignment\SourceCode\SAT\pairwise\results\no_preprocessing\matched_bitwise\graph08.log
cardinality,bitwise,off,graph09,timeout,,10.1,D:\Research\FrequencyAssignment\SourceCode\SAT\pairwise\results\no_preprocessing\matched_bitwise\graph09.log
cardinality,bitwise,off,graph10,timeout,,235.27,D:\Research\FrequencyAssignment\SourceCode\SAT\pairwise\results\no_preprocessing\matched_bitwise\graph10.log
cardinality,bitwise,off,graph11,infeasible,7.61,,D:\Research\FrequencyAssignment\SourceCode\SAT\pairwise\results\no_preprocessing\matched_bitwise\graph11.log
cardinality,bitwise,off,graph12,infeasible,0.59,,D:\Research\FrequencyAssignment\SourceCode\SAT\pairwise\results\no_preprocessing\matched_bitwise\graph12.log
cardinality,bitwise,off,graph13,infeasible,11.23,,D:\Research\FrequencyAssignment\SourceCode\SAT\pairwise\results\no_preprocessing\matched_bitwise\graph13.log
cardinality,bitwise,off,graph14,optimal,,41.76,D:\Research\FrequencyAssignment\SourceCode\SAT\pairwise\results\no_preprocessing\matched_bitwise\graph14.log
cardinality,bitwise,off,scen01,timeout,,4.67,D:\Research\FrequencyAssignment\SourceCode\SAT\pairwise\results\no_preprocessing\matched_bitwise\scen01.log
cardinality,bitwise,off,scen02,timeout,,0.95,D:\Research\FrequencyAssignment\SourceCode\SAT\pairwise\results\no_preprocessing\matched_bitwise\scen02.log
cardinality,bitwise,off,scen03,timeout,,9.95,D:\Research\FrequencyAssignment\SourceCode\SAT\pairwise\results\no_preprocessing\matched_bitwise\scen03.log
cardinality,bitwise,off,scen04,optimal,2.85,2.83,D:\Research\FrequencyAssignment\SourceCode\SAT\pairwise\results\no_preprocessing\matched_bitwise\scen04.log
cardinality,bitwise,off,scen05,optimal,,12.57,D:\Research\FrequencyAssignment\SourceCode\SAT\pairwise\results\no_preprocessing\matched_bitwise\scen05.log
cardinality,bitwise,off,scen06,infeasible,3.64,,D:\Research\FrequencyAssignment\SourceCode\SAT\pairwise\results\no_preprocessing\matched_bitwise\scen06.log
cardinality,bitwise,off,scen07,infeasible,7.83,,D:\Research\FrequencyAssignment\SourceCode\SAT\pairwise\results\no_preprocessing\matched_bitwise\scen07.log
cardinality,bitwise,off,scen08,infeasible,14.99,,D:\Research\FrequencyAssignment\SourceCode\SAT\pairwise\results\no_preprocessing\matched_bitwise\scen08.log
cardinality,bitwise,off,scen09,infeasible,0.31,,D:\Research\FrequencyAssignment\SourceCode\SAT\pairwise\results\no_preprocessing\matched_bitwise\scen09.log
cardinality,bitwise,off,scen10,infeasible,0.31,,D:\Research\FrequencyAssignment\SourceCode\SAT\pairwise\results\no_preprocessing\matched_bitwise\scen10.log
cardinality,bitwise,off,scen11,timeout,,13.84,D:\Research\FrequencyAssignment\SourceCode\SAT\pairwise\results\no_preprocessing\matched_bitwise\scen11.log
cardinality,bitwise,on,TUD200.1,optimal,,60.13,D:\Research\FrequencyAssignment\SourceCode\SAT\pairwise\results\preprocessing\matched_bitwise\TUD200.1.log
cardinality,bitwise,on,TUD200.2,optimal,0.09,0.08,D:\Research\FrequencyAssignment\SourceCode\SAT\pairwise\results\preprocessing\matched_bitwise\TUD200.2.log
cardinality,bitwise,on,TUD200.3,optimal,,4.23,D:\Research\FrequencyAssignment\SourceCode\SAT\pairwise\results\preprocessing\matched_bitwise\TUD200.3.log
cardinality,bitwise,on,TUD200.4,optimal,,0.12,D:\Research\FrequencyAssignment\SourceCode\SAT\pairwise\results\preprocessing\matched_bitwise\TUD200.4.log
cardinality,bitwise,on,TUD200.5,infeasible,0.06,,D:\Research\FrequencyAssignment\SourceCode\SAT\pairwise\results\preprocessing\matched_bitwise\TUD200.5.log
cardinality,bitwise,on,TUD916.1,optimal,,54.08,D:\Research\FrequencyAssignment\SourceCode\SAT\pairwise\results\preprocessing\matched_bitwise\TUD916.1.log
cardinality,bitwise,on,TUD916.2,optimal,0.35,0.35,D:\Research\FrequencyAssignment\SourceCode\SAT\pairwise\results\preprocessing\matched_bitwise\TUD916.2.log
cardinality,bitwise,on,TUD916.3,optimal,,19.85,D:\Research\FrequencyAssignment\SourceCode\SAT\pairwise\results\preprocessing\matched_bitwise\TUD916.3.log
cardinality,bitwise,on,TUD916.4,optimal,,0.59,D:\Research\FrequencyAssignment\SourceCode\SAT\pairwise\results\preprocessing\matched_bitwise\TUD916.4.log
cardinality,bitwise,on,TUD916.5,infeasible,0.2,,D:\Research\FrequencyAssignment\SourceCode\SAT\pairwise\results\preprocessing\matched_bitwise\TUD916.5.log
cardinality,bitwise,on,graph01,timeout,,0.54,D:\Research\FrequencyAssignment\SourceCode\SAT\pairwise\results\preprocessing\matched_bitwise\graph01.log
cardinality,bitwise,on,graph02,timeout,,1.42,D:\Research\FrequencyAssignment\SourceCode\SAT\pairwise\results\preprocessing\matched_bitwise\graph02.log
cardinality,bitwise,on,graph03,optimal,,78.74,D:\Research\FrequencyAssignment\SourceCode\SAT\pairwise\results\preprocessing\matched_bitwise\graph03.log
cardinality,bitwise,on,graph04,optimal,,162.32,D:\Research\FrequencyAssignment\SourceCode\SAT\pairwise\results\preprocessing\matched_bitwise\graph04.log
cardinality,bitwise,on,graph05,infeasible,0.05,,D:\Research\FrequencyAssignment\SourceCode\SAT\pairwise\results\preprocessing\matched_bitwise\graph05.log
cardinality,bitwise,on,graph06,infeasible,0.09,,D:\Research\FrequencyAssignment\SourceCode\SAT\pairwise\results\preprocessing\matched_bitwise\graph06.log
cardinality,bitwise,on,graph07,infeasible,0.01,,D:\Research\FrequencyAssignment\SourceCode\SAT\pairwise\results\preprocessing\matched_bitwise\graph07.log
cardinality,bitwise,on,graph08,timeout,,3.06,D:\Research\FrequencyAssignment\SourceCode\SAT\pairwise\results\preprocessing\matched_bitwise\graph08.log
cardinality,bitwise,on,graph09,timeout,,10.25,D:\Research\FrequencyAssignment\SourceCode\SAT\pairwise\results\preprocessing\matched_bitwise\graph09.log
cardinality,bitwise,on,graph10,timeout,,204.39,D:\Research\FrequencyAssignment\SourceCode\SAT\pairwise\results\preprocessing\matched_bitwise\graph10.log
cardinality,bitwise,on,graph11,infeasible,0.16,,D:\Research\FrequencyAssignment\SourceCode\SAT\pairwise\results\preprocessing\matched_bitwise\graph11.log
cardinality,bitwise,on,graph12,infeasible,0.01,,D:\Research\FrequencyAssignment\SourceCode\SAT\pairwise\results\preprocessing\matched_bitwise\graph12.log
cardinality,bitwise,on,graph13,infeasible,0.3,,D:\Research\FrequencyAssignment\SourceCode\SAT\pairwise\results\preprocessing\matched_bitwise\graph13.log
cardinality,bitwise,on,graph14,optimal,,41.62,D:\Research\FrequencyAssignment\SourceCode\SAT\pairwise\results\preprocessing\matched_bitwise\graph14.log
cardinality,bitwise,on,scen01,timeout,,4.97,D:\Research\FrequencyAssignment\SourceCode\SAT\pairwise\results\preprocessing\matched_bitwise\scen01.log
cardinality,bitwise,on,scen02,timeout,,1.01,D:\Research\FrequencyAssignment\SourceCode\SAT\pairwise\results\preprocessing\matched_bitwise\scen02.log
cardinality,bitwise,on,scen03,timeout,,9.98,D:\Research\FrequencyAssignment\SourceCode\SAT\pairwise\results\preprocessing\matched_bitwise\scen03.log
cardinality,bitwise,on,scen04,optimal,0.12,0.12,D:\Research\FrequencyAssignment\SourceCode\SAT\pairwise\results\preprocessing\matched_bitwise\scen04.log
cardinality,bitwise,on,scen05,optimal,,0.76,D:\Research\FrequencyAssignment\SourceCode\SAT\pairwise\results\preprocessing\matched_bitwise\scen05.log
cardinality,bitwise,on,scen06,infeasible,0.23,,D:\Research\FrequencyAssignment\SourceCode\SAT\pairwise\results\preprocessing\matched_bitwise\scen06.log
cardinality,bitwise,on,scen07,infeasible,0.2,,D:\Research\FrequencyAssignment\SourceCode\SAT\pairwise\results\preprocessing\matched_bitwise\scen07.log
cardinality,bitwise,on,scen08,infeasible,0.28,,D:\Research\FrequencyAssignment\SourceCode\SAT\pairwise\results\preprocessing\matched_bitwise\scen08.log
cardinality,bitwise,on,scen09,infeasible,0.01,,D:\Research\FrequencyAssignment\SourceCode\SAT\pairwise\results\preprocessing\matched_bitwise\scen09.log
cardinality,bitwise,on,scen10,infeasible,0.02,,D:\Research\FrequencyAssignment\SourceCode\SAT\pairwise\results\preprocessing\matched_bitwise\scen10.log
cardinality,bitwise,on,scen11,timeout,,13.98,D:\Research\FrequencyAssignment\SourceCode\SAT\pairwise\results\preprocessing\matched_bitwise\scen11.log
cardinality,cardnetwrk,off,TUD200.1,optimal,,42.59,D:\Research\FrequencyAssignment\SourceCode\SAT\pairwise\results\no_preprocessing\matched_cardnetwrk\TUD200.1.log
cardinality,cardnetwrk,off,TUD200.2,optimal,4.64,4.08,D:\Research\FrequencyAssignment\SourceCode\SAT\pairwise\results\no_preprocessing\matched_cardnetwrk\TUD200.2.log
cardinality,cardnetwrk,off,TUD200.3,optimal,,15.13,D:\Research\FrequencyAssignment\SourceCode\SAT\pairwise\results\no_preprocessing\matched_cardnetwrk\TUD200.3.log
cardinality,cardnetwrk,off,TUD200.4,optimal,,2.94,D:\Research\FrequencyAssignment\SourceCode\SAT\pairwise\results\no_preprocessing\matched_cardnetwrk\TUD200.4.log
cardinality,cardnetwrk,off,TUD200.5,infeasible,3.25,,D:\Research\FrequencyAssignment\SourceCode\SAT\pairwise\results\no_preprocessing\matched_cardnetwrk\TUD200.5.log
cardinality,cardnetwrk,off,TUD916.1,optimal,,108.6,D:\Research\FrequencyAssignment\SourceCode\SAT\pairwise\results\no_preprocessing\matched_cardnetwrk\TUD916.1.log
cardinality,cardnetwrk,off,TUD916.2,optimal,20.51,17.16,D:\Research\FrequencyAssignment\SourceCode\SAT\pairwise\results\no_preprocessing\matched_cardnetwrk\TUD916.2.log
cardinality,cardnetwrk,off,TUD916.3,optimal,,36.41,D:\Research\FrequencyAssignment\SourceCode\SAT\pairwise\results\no_preprocessing\matched_cardnetwrk\TUD916.3.log
cardinality,cardnetwrk,off,TUD916.4,optimal,,44.31,D:\Research\FrequencyAssignment\SourceCode\SAT\pairwise\results\no_preprocessing\matched_cardnetwrk\TUD916.4.log
cardinality,cardnetwrk,off,TUD916.5,infeasible,13.81,,D:\Research\FrequencyAssignment\SourceCode\SAT\pairwise\results\no_preprocessing\matched_cardnetwrk\TUD916.5.log
cardinality,cardnetwrk,off,graph01,timeout,,0.9,D:\Research\FrequencyAssignment\SourceCode\SAT\pairwise\results\no_preprocessing\matched_cardnetwrk\graph01.log
cardinality,cardnetwrk,off,graph02,timeout,,1.72,D:\Research\FrequencyAssignment\SourceCode\SAT\pairwise\results\no_preprocessing\matched_cardnetwrk\graph02.log
cardinality,cardnetwrk,off,graph03,optimal,,75.47,D:\Research\FrequencyAssignment\SourceCode\SAT\pairwise\results\no_preprocessing\matched_cardnetwrk\graph03.log
cardinality,cardnetwrk,off,graph04,optimal,,158.86,D:\Research\FrequencyAssignment\SourceCode\SAT\pairwise\results\no_preprocessing\matched_cardnetwrk\graph04.log
cardinality,cardnetwrk,off,graph05,infeasible,2.86,,D:\Research\FrequencyAssignment\SourceCode\SAT\pairwise\results\no_preprocessing\matched_cardnetwrk\graph05.log
cardinality,cardnetwrk,off,graph06,infeasible,5.83,,D:\Research\FrequencyAssignment\SourceCode\SAT\pairwise\results\no_preprocessing\matched_cardnetwrk\graph06.log
cardinality,cardnetwrk,off,graph07,infeasible,0.36,,D:\Research\FrequencyAssignment\SourceCode\SAT\pairwise\results\no_preprocessing\matched_cardnetwrk\graph07.log
cardinality,cardnetwrk,off,graph08,timeout,,9.89,D:\Research\FrequencyAssignment\SourceCode\SAT\pairwise\results\no_preprocessing\matched_cardnetwrk\graph08.log
cardinality,cardnetwrk,off,graph09,timeout,,12.51,D:\Research\FrequencyAssignment\SourceCode\SAT\pairwise\results\no_preprocessing\matched_cardnetwrk\graph09.log
cardinality,cardnetwrk,off,graph10,timeout,,222.33,D:\Research\FrequencyAssignment\SourceCode\SAT\pairwise\results\no_preprocessing\matched_cardnetwrk\graph10.log
cardinality,cardnetwrk,off,graph11,infeasible,9.69,,D:\Research\FrequencyAssignment\SourceCode\SAT\pairwise\results\no_preprocessing\matched_cardnetwrk\graph11.log
cardinality,cardnetwrk,off,graph12,infeasible,0.73,,D:\Research\FrequencyAssignment\SourceCode\SAT\pairwise\results\no_preprocessing\matched_cardnetwrk\graph12.log
cardinality,cardnetwrk,off,graph13,infeasible,15.03,,D:\Research\FrequencyAssignment\SourceCode\SAT\pairwise\results\no_preprocessing\matched_cardnetwrk\graph13.log
cardinality,cardnetwrk,off,graph14,optimal,,32.49,D:\Research\FrequencyAssignment\SourceCode\SAT\pairwise\results\no_preprocessing\matched_cardnetwrk\graph14.log
cardinality,cardnetwrk,off,scen01,timeout,,8.67,D:\Research\FrequencyAssignment\SourceCode\SAT\pairwise\results\no_preprocessing\matched_cardnetwrk\scen01.log
cardinality,cardnetwrk,off,scen02,timeout,,1.59,D:\Research\FrequencyAssignment\SourceCode\SAT\pairwise\results\no_preprocessing\matched_cardnetwrk\scen02.log
cardinality,cardnetwrk,off,scen03,timeout,,4.12,D:\Research\FrequencyAssignment\SourceCode\SAT\pairwise\results\no_preprocessing\matched_cardnetwrk\scen03.log
cardinality,cardnetwrk,off,scen04,optimal,4.44,4.41,D:\Research\FrequencyAssignment\SourceCode\SAT\pairwise\results\no_preprocessing\matched_cardnetwrk\scen04.log
cardinality,cardnetwrk,off,scen05,optimal,,34.73,D:\Research\FrequencyAssignment\SourceCode\SAT\pairwise\results\no_preprocessing\matched_cardnetwrk\scen05.log
cardinality,cardnetwrk,off,scen06,infeasible,4.85,,D:\Research\FrequencyAssignment\SourceCode\SAT\pairwise\results\no_preprocessing\matched_cardnetwrk\scen06.log
cardinality,cardnetwrk,off,scen07,infeasible,10.53,,D:\Research\FrequencyAssignment\SourceCode\SAT\pairwise\results\no_preprocessing\matched_cardnetwrk\scen07.log
cardinality,cardnetwrk,off,scen08,infeasible,19.27,,D:\Research\FrequencyAssignment\SourceCode\SAT\pairwise\results\no_preprocessing\matched_cardnetwrk\scen08.log
cardinality,cardnetwrk,off,scen09,infeasible,0.38,,D:\Research\FrequencyAssignment\SourceCode\SAT\pairwise\results\no_preprocessing\matched_cardnetwrk\scen09.log
cardinality,cardnetwrk,off,scen10,infeasible,0.38,,D:\Research\FrequencyAssignment\SourceCode\SAT\pairwise\results\no_preprocessing\matched_cardnetwrk\scen10.log
cardinality,cardnetwrk,off,scen11,timeout,,27.07,D:\Research\FrequencyAssignment\SourceCode\SAT\pairwise\results\no_preprocessing\matched_cardnetwrk\scen11.log
cardinality,cardnetwrk,on,TUD200.1,optimal,,46.56,D:\Research\FrequencyAssignment\SourceCode\SAT\pairwise\results\preprocessing\matched_cardnetwrk\TUD200.1.log
cardinality,cardnetwrk,on,TUD200.2,optimal,0.07,0.07,D:\Research\FrequencyAssignment\SourceCode\SAT\pairwise\results\preprocessing\matched_cardnetwrk\TUD200.2.log
cardinality,cardnetwrk,on,TUD200.3,optimal,,8.01,D:\Research\FrequencyAssignment\SourceCode\SAT\pairwise\results\preprocessing\matched_cardnetwrk\TUD200.3.log
cardinality,cardnetwrk,on,TUD200.4,optimal,,0.1,D:\Research\FrequencyAssignment\SourceCode\SAT\pairwise\results\preprocessing\matched_cardnetwrk\TUD200.4.log
cardinality,cardnetwrk,on,TUD200.5,infeasible,0.04,,D:\Research\FrequencyAssignment\SourceCode\SAT\pairwise\results\preprocessing\matched_cardnetwrk\TUD200.5.log
cardinality,cardnetwrk,on,TUD916.1,optimal,,67.73,D:\Research\FrequencyAssignment\SourceCode\SAT\pairwise\results\preprocessing\matched_cardnetwrk\TUD916.1.log
cardinality,cardnetwrk,on,TUD916.2,optimal,0.28,0.28,D:\Research\FrequencyAssignment\SourceCode\SAT\pairwise\results\preprocessing\matched_cardnetwrk\TUD916.2.log
cardinality,cardnetwrk,on,TUD916.3,optimal,,30.8,D:\Research\FrequencyAssignment\SourceCode\SAT\pairwise\results\preprocessing\matched_cardnetwrk\TUD916.3.log
cardinality,cardnetwrk,on,TUD916.4,optimal,,0.47,D:\Research\FrequencyAssignment\SourceCode\SAT\pairwise\results\preprocessing\matched_cardnetwrk\TUD916.4.log
cardinality,cardnetwrk,on,TUD916.5,infeasible,0.15,,D:\Research\FrequencyAssignment\SourceCode\SAT\pairwise\results\preprocessing\matched_cardnetwrk\TUD916.5.log
cardinality,cardnetwrk,on,graph01,timeout,,0.94,D:\Research\FrequencyAssignment\SourceCode\SAT\pairwise\results\preprocessing\matched_cardnetwrk\graph01.log
cardinality,cardnetwrk,on,graph02,timeout,,1.82,D:\Research\FrequencyAssignment\SourceCode\SAT\pairwise\results\preprocessing\matched_cardnetwrk\graph02.log
cardinality,cardnetwrk,on,graph03,optimal,,64.51,D:\Research\FrequencyAssignment\SourceCode\SAT\pairwise\results\preprocessing\matched_cardnetwrk\graph03.log
cardinality,cardnetwrk,on,graph04,optimal,,164.72,D:\Research\FrequencyAssignment\SourceCode\SAT\pairwise\results\preprocessing\matched_cardnetwrk\graph04.log
cardinality,cardnetwrk,on,graph05,infeasible,0.03,,D:\Research\FrequencyAssignment\SourceCode\SAT\pairwise\results\preprocessing\matched_cardnetwrk\graph05.log
cardinality,cardnetwrk,on,graph06,infeasible,0.07,,D:\Research\FrequencyAssignment\SourceCode\SAT\pairwise\results\preprocessing\matched_cardnetwrk\graph06.log
cardinality,cardnetwrk,on,graph07,infeasible,0.0,,D:\Research\FrequencyAssignment\SourceCode\SAT\pairwise\results\preprocessing\matched_cardnetwrk\graph07.log
cardinality,cardnetwrk,on,graph08,timeout,,10.11,D:\Research\FrequencyAssignment\SourceCode\SAT\pairwise\results\preprocessing\matched_cardnetwrk\graph08.log
cardinality,cardnetwrk,on,graph09,timeout,,12.86,D:\Research\FrequencyAssignment\SourceCode\SAT\pairwise\results\preprocessing\matched_cardnetwrk\graph09.log
cardinality,cardnetwrk,on,graph10,timeout,,128.15,D:\Research\FrequencyAssignment\SourceCode\SAT\pairwise\results\preprocessing\matched_cardnetwrk\graph10.log
cardinality,cardnetwrk,on,graph11,infeasible,0.12,,D:\Research\FrequencyAssignment\SourceCode\SAT\pairwise\results\preprocessing\matched_cardnetwrk\graph11.log
cardinality,cardnetwrk,on,graph12,infeasible,0.01,,D:\Research\FrequencyAssignment\SourceCode\SAT\pairwise\results\preprocessing\matched_cardnetwrk\graph12.log
cardinality,cardnetwrk,on,graph13,infeasible,0.19,,D:\Research\FrequencyAssignment\SourceCode\SAT\pairwise\results\preprocessing\matched_cardnetwrk\graph13.log
cardinality,cardnetwrk,on,graph14,optimal,,33.39,D:\Research\FrequencyAssignment\SourceCode\SAT\pairwise\results\preprocessing\matched_cardnetwrk\graph14.log
cardinality,cardnetwrk,on,scen01,timeout,,8.69,D:\Research\FrequencyAssignment\SourceCode\SAT\pairwise\results\preprocessing\matched_cardnetwrk\scen01.log
cardinality,cardnetwrk,on,scen02,timeout,,1.66,D:\Research\FrequencyAssignment\SourceCode\SAT\pairwise\results\preprocessing\matched_cardnetwrk\scen02.log
cardinality,cardnetwrk,on,scen03,timeout,,4.22,D:\Research\FrequencyAssignment\SourceCode\SAT\pairwise\results\preprocessing\matched_cardnetwrk\scen03.log
cardinality,cardnetwrk,on,scen04,optimal,0.1,0.09,D:\Research\FrequencyAssignment\SourceCode\SAT\pairwise\results\preprocessing\matched_cardnetwrk\scen04.log
cardinality,cardnetwrk,on,scen05,optimal,,0.93,D:\Research\FrequencyAssignment\SourceCode\SAT\pairwise\results\preprocessing\matched_cardnetwrk\scen05.log
cardinality,cardnetwrk,on,scen06,infeasible,0.18,,D:\Research\FrequencyAssignment\SourceCode\SAT\pairwise\results\preprocessing\matched_cardnetwrk\scen06.log
cardinality,cardnetwrk,on,scen07,infeasible,0.16,,D:\Research\FrequencyAssignment\SourceCode\SAT\pairwise\results\preprocessing\matched_cardnetwrk\scen07.log
cardinality,cardnetwrk,on,scen08,infeasible,0.22,,D:\Research\FrequencyAssignment\SourceCode\SAT\pairwise\results\preprocessing\matched_cardnetwrk\scen08.log
cardinality,cardnetwrk,on,scen09,infeasible,0.01,,D:\Research\FrequencyAssignment\SourceCode\SAT\pairwise\results\preprocessing\matched_cardnetwrk\scen09.log
cardinality,cardnetwrk,on,scen10,infeasible,0.01,,D:\Research\FrequencyAssignment\SourceCode\SAT\pairwise\results\preprocessing\matched_cardnetwrk\scen10.log
cardinality,cardnetwrk,on,scen11,timeout,,27.57,D:\Research\FrequencyAssignment\SourceCode\SAT\pairwise\results\preprocessing\matched_cardnetwrk\scen11.log
cardinality,kmtotalizer,off,TUD200.1,optimal,,47.81,D:\Research\FrequencyAssignment\SourceCode\SAT\pairwise\results\no_preprocessing\matched_kmtotalizer\TUD200.1.log
cardinality,kmtotalizer,off,TUD200.2,optimal,3.21,2.91,D:\Research\FrequencyAssignment\SourceCode\SAT\pairwise\results\no_preprocessing\matched_kmtotalizer\TUD200.2.log
cardinality,kmtotalizer,off,TUD200.3,optimal,,4.97,D:\Research\FrequencyAssignment\SourceCode\SAT\pairwise\results\no_preprocessing\matched_kmtotalizer\TUD200.3.log
cardinality,kmtotalizer,off,TUD200.4,optimal,,2.46,D:\Research\FrequencyAssignment\SourceCode\SAT\pairwise\results\no_preprocessing\matched_kmtotalizer\TUD200.4.log
cardinality,kmtotalizer,off,TUD200.5,infeasible,2.64,,D:\Research\FrequencyAssignment\SourceCode\SAT\pairwise\results\no_preprocessing\matched_kmtotalizer\TUD200.5.log
cardinality,kmtotalizer,off,TUD916.1,optimal,,142.03,D:\Research\FrequencyAssignment\SourceCode\SAT\pairwise\results\no_preprocessing\matched_kmtotalizer\TUD916.1.log
cardinality,kmtotalizer,off,TUD916.2,optimal,13.11,12.15,D:\Research\FrequencyAssignment\SourceCode\SAT\pairwise\results\no_preprocessing\matched_kmtotalizer\TUD916.2.log
cardinality,kmtotalizer,off,TUD916.3,optimal,,39.66,D:\Research\FrequencyAssignment\SourceCode\SAT\pairwise\results\no_preprocessing\matched_kmtotalizer\TUD916.3.log
cardinality,kmtotalizer,off,TUD916.4,optimal,,20.73,D:\Research\FrequencyAssignment\SourceCode\SAT\pairwise\results\no_preprocessing\matched_kmtotalizer\TUD916.4.log
cardinality,kmtotalizer,off,TUD916.5,infeasible,10.56,,D:\Research\FrequencyAssignment\SourceCode\SAT\pairwise\results\no_preprocessing\matched_kmtotalizer\TUD916.5.log
cardinality,kmtotalizer,off,graph01,timeout,,0.62,D:\Research\FrequencyAssignment\SourceCode\SAT\pairwise\results\no_preprocessing\matched_kmtotalizer\graph01.log
cardinality,kmtotalizer,off,graph02,timeout,,1.51,D:\Research\FrequencyAssignment\SourceCode\SAT\pairwise\results\no_preprocessing\matched_kmtotalizer\graph02.log
cardinality,kmtotalizer,off,graph03,optimal,,86.68,D:\Research\FrequencyAssignment\SourceCode\SAT\pairwise\results\no_preprocessing\matched_kmtotalizer\graph03.log
cardinality,kmtotalizer,off,graph04,optimal,,204.53,D:\Research\FrequencyAssignment\SourceCode\SAT\pairwise\results\no_preprocessing\matched_kmtotalizer\graph04.log
cardinality,kmtotalizer,off,graph05,infeasible,2.18,,D:\Research\FrequencyAssignment\SourceCode\SAT\pairwise\results\no_preprocessing\matched_kmtotalizer\graph05.log
cardinality,kmtotalizer,off,graph06,infeasible,4.28,,D:\Research\FrequencyAssignment\SourceCode\SAT\pairwise\results\no_preprocessing\matched_kmtotalizer\graph06.log
cardinality,kmtotalizer,off,graph07,infeasible,0.32,,D:\Research\FrequencyAssignment\SourceCode\SAT\pairwise\results\no_preprocessing\matched_kmtotalizer\graph07.log
cardinality,kmtotalizer,off,graph08,timeout,,7.32,D:\Research\FrequencyAssignment\SourceCode\SAT\pairwise\results\no_preprocessing\matched_kmtotalizer\graph08.log
cardinality,kmtotalizer,off,graph09,timeout,,14.8,D:\Research\FrequencyAssignment\SourceCode\SAT\pairwise\results\no_preprocessing\matched_kmtotalizer\graph09.log
cardinality,kmtotalizer,off,graph10,timeout,,308.45,D:\Research\FrequencyAssignment\SourceCode\SAT\pairwise\results\no_preprocessing\matched_kmtotalizer\graph10.log
cardinality,kmtotalizer,off,graph11,infeasible,7.98,,D:\Research\FrequencyAssignment\SourceCode\SAT\pairwise\results\no_preprocessing\matched_kmtotalizer\graph11.log
cardinality,kmtotalizer,off,graph12,infeasible,0.62,,D:\Research\FrequencyAssignment\SourceCode\SAT\pairwise\results\no_preprocessing\matched_kmtotalizer\graph12.log
cardinality,kmtotalizer,off,graph13,infeasible,11.1,,D:\Research\FrequencyAssignment\SourceCode\SAT\pairwise\results\no_preprocessing\matched_kmtotalizer\graph13.log
cardinality,kmtotalizer,off,graph14,optimal,,43.57,D:\Research\FrequencyAssignment\SourceCode\SAT\pairwise\results\no_preprocessing\matched_kmtotalizer\graph14.log
cardinality,kmtotalizer,off,scen01,timeout,,11.8,D:\Research\FrequencyAssignment\SourceCode\SAT\pairwise\results\no_preprocessing\matched_kmtotalizer\scen01.log
cardinality,kmtotalizer,off,scen02,timeout,,1.15,D:\Research\FrequencyAssignment\SourceCode\SAT\pairwise\results\no_preprocessing\matched_kmtotalizer\scen02.log
cardinality,kmtotalizer,off,scen03,timeout,,3.52,D:\Research\FrequencyAssignment\SourceCode\SAT\pairwise\results\no_preprocessing\matched_kmtotalizer\scen03.log
cardinality,kmtotalizer,off,scen04,optimal,3.24,3.21,D:\Research\FrequencyAssignment\SourceCode\SAT\pairwise\results\no_preprocessing\matched_kmtotalizer\scen04.log
cardinality,kmtotalizer,off,scen05,optimal,,29.92,D:\Research\FrequencyAssignment\SourceCode\SAT\pairwise\results\no_preprocessing\matched_kmtotalizer\scen05.log
cardinality,kmtotalizer,off,scen06,infeasible,3.72,,D:\Research\FrequencyAssignment\SourceCode\SAT\pairwise\results\no_preprocessing\matched_kmtotalizer\scen06.log
cardinality,kmtotalizer,off,scen07,infeasible,7.7,,D:\Research\FrequencyAssignment\SourceCode\SAT\pairwise\results\no_preprocessing\matched_kmtotalizer\scen07.log
cardinality,kmtotalizer,off,scen08,infeasible,13.85,,D:\Research\FrequencyAssignment\SourceCode\SAT\pairwise\results\no_preprocessing\matched_kmtotalizer\scen08.log
cardinality,kmtotalizer,off,scen09,infeasible,0.32,,D:\Research\FrequencyAssignment\SourceCode\SAT\pairwise\results\no_preprocessing\matched_kmtotalizer\scen09.log
cardinality,kmtotalizer,off,scen10,infeasible,0.33,,D:\Research\FrequencyAssignment\SourceCode\SAT\pairwise\results\no_preprocessing\matched_kmtotalizer\scen10.log
cardinality,kmtotalizer,off,scen11,timeout,,28.89,D:\Research\FrequencyAssignment\SourceCode\SAT\pairwise\results\no_preprocessing\matched_kmtotalizer\scen11.log
cardinality,kmtotalizer,on,TUD200.1,optimal,,22.82,D:\Research\FrequencyAssignment\SourceCode\SAT\pairwise\results\preprocessing\matched_kmtotalizer\TUD200.1.log
cardinality,kmtotalizer,on,TUD200.2,optimal,0.09,0.09,D:\Research\FrequencyAssignment\SourceCode\SAT\pairwise\results\preprocessing\matched_kmtotalizer\TUD200.2.log
cardinality,kmtotalizer,on,TUD200.3,optimal,,14.48,D:\Research\FrequencyAssignment\SourceCode\SAT\pairwise\results\preprocessing\matched_kmtotalizer\TUD200.3.log
cardinality,kmtotalizer,on,TUD200.4,optimal,,0.12,D:\Research\FrequencyAssignment\SourceCode\SAT\pairwise\results\preprocessing\matched_kmtotalizer\TUD200.4.log
cardinality,kmtotalizer,on,TUD200.5,infeasible,0.06,,D:\Research\FrequencyAssignment\SourceCode\SAT\pairwise\results\preprocessing\matched_kmtotalizer\TUD200.5.log
cardinality,kmtotalizer,on,TUD916.1,optimal,,153.5,D:\Research\FrequencyAssignment\SourceCode\SAT\pairwise\results\preprocessing\matched_kmtotalizer\TUD916.1.log
cardinality,kmtotalizer,on,TUD916.2,optimal,0.35,0.35,D:\Research\FrequencyAssignment\SourceCode\SAT\pairwise\results\preprocessing\matched_kmtotalizer\TUD916.2.log
cardinality,kmtotalizer,on,TUD916.3,optimal,,30.92,D:\Research\FrequencyAssignment\SourceCode\SAT\pairwise\results\preprocessing\matched_kmtotalizer\TUD916.3.log
cardinality,kmtotalizer,on,TUD916.4,optimal,,0.59,D:\Research\FrequencyAssignment\SourceCode\SAT\pairwise\results\preprocessing\matched_kmtotalizer\TUD916.4.log
cardinality,kmtotalizer,on,TUD916.5,infeasible,0.21,,D:\Research\FrequencyAssignment\SourceCode\SAT\pairwise\results\preprocessing\matched_kmtotalizer\TUD916.5.log
cardinality,kmtotalizer,on,graph01,timeout,,0.7,D:\Research\FrequencyAssignment\SourceCode\SAT\pairwise\results\preprocessing\matched_kmtotalizer\graph01.log
cardinality,kmtotalizer,on,graph02,timeout,,1.59,D:\Research\FrequencyAssignment\SourceCode\SAT\pairwise\results\preprocessing\matched_kmtotalizer\graph02.log
cardinality,kmtotalizer,on,graph03,optimal,,83.13,D:\Research\FrequencyAssignment\SourceCode\SAT\pairwise\results\preprocessing\matched_kmtotalizer\graph03.log
cardinality,kmtotalizer,on,graph04,optimal,,186.65,D:\Research\FrequencyAssignment\SourceCode\SAT\pairwise\results\preprocessing\matched_kmtotalizer\graph04.log
cardinality,kmtotalizer,on,graph05,infeasible,0.05,,D:\Research\FrequencyAssignment\SourceCode\SAT\pairwise\results\preprocessing\matched_kmtotalizer\graph05.log
cardinality,kmtotalizer,on,graph06,infeasible,0.09,,D:\Research\FrequencyAssignment\SourceCode\SAT\pairwise\results\preprocessing\matched_kmtotalizer\graph06.log
cardinality,kmtotalizer,on,graph07,infeasible,0.01,,D:\Research\FrequencyAssignment\SourceCode\SAT\pairwise\results\preprocessing\matched_kmtotalizer\graph07.log
cardinality,kmtotalizer,on,graph08,timeout,,7.57,D:\Research\FrequencyAssignment\SourceCode\SAT\pairwise\results\preprocessing\matched_kmtotalizer\graph08.log
cardinality,kmtotalizer,on,graph09,timeout,,15.09,D:\Research\FrequencyAssignment\SourceCode\SAT\pairwise\results\preprocessing\matched_kmtotalizer\graph09.log
cardinality,kmtotalizer,on,graph10,timeout,,147.7,D:\Research\FrequencyAssignment\SourceCode\SAT\pairwise\results\preprocessing\matched_kmtotalizer\graph10.log
cardinality,kmtotalizer,on,graph11,infeasible,0.17,,D:\Research\FrequencyAssignment\SourceCode\SAT\pairwise\results\preprocessing\matched_kmtotalizer\graph11.log
cardinality,kmtotalizer,on,graph12,infeasible,0.02,,D:\Research\FrequencyAssignment\SourceCode\SAT\pairwise\results\preprocessing\matched_kmtotalizer\graph12.log
cardinality,kmtotalizer,on,graph13,infeasible,0.25,,D:\Research\FrequencyAssignment\SourceCode\SAT\pairwise\results\preprocessing\matched_kmtotalizer\graph13.log
cardinality,kmtotalizer,on,graph14,optimal,,42.78,D:\Research\FrequencyAssignment\SourceCode\SAT\pairwise\results\preprocessing\matched_kmtotalizer\graph14.log
cardinality,kmtotalizer,on,scen01,timeout,,11.95,D:\Research\FrequencyAssignment\SourceCode\SAT\pairwise\results\preprocessing\matched_kmtotalizer\scen01.log
cardinality,kmtotalizer,on,scen02,timeout,,1.21,D:\Research\FrequencyAssignment\SourceCode\SAT\pairwise\results\preprocessing\matched_kmtotalizer\scen02.log
cardinality,kmtotalizer,on,scen03,timeout,,3.64,D:\Research\FrequencyAssignment\SourceCode\SAT\pairwise\results\preprocessing\matched_kmtotalizer\scen03.log
cardinality,kmtotalizer,on,scen04,optimal,0.14,0.14,D:\Research\FrequencyAssignment\SourceCode\SAT\pairwise\results\preprocessing\matched_kmtotalizer\scen04.log
cardinality,kmtotalizer,on,scen05,optimal,,0.85,D:\Research\FrequencyAssignment\SourceCode\SAT\pairwise\results\preprocessing\matched_kmtotalizer\scen05.log
cardinality,kmtotalizer,on,scen06,infeasible,0.23,,D:\Research\FrequencyAssignment\SourceCode\SAT\pairwise\results\preprocessing\matched_kmtotalizer\scen06.log
cardinality,kmtotalizer,on,scen07,infeasible,0.21,,D:\Research\FrequencyAssignment\SourceCode\SAT\pairwise\results\preprocessing\matched_kmtotalizer\scen07.log
cardinality,kmtotalizer,on,scen08,infeasible,0.28,,D:\Research\FrequencyAssignment\SourceCode\SAT\pairwise\results\preprocessing\matched_kmtotalizer\scen08.log
cardinality,kmtotalizer,on,scen09,infeasible,0.01,,D:\Research\FrequencyAssignment\SourceCode\SAT\pairwise\results\preprocessing\matched_kmtotalizer\scen09.log
cardinality,kmtotalizer,on,scen10,infeasible,0.02,,D:\Research\FrequencyAssignment\SourceCode\SAT\pairwise\results\preprocessing\matched_kmtotalizer\scen10.log
cardinality,kmtotalizer,on,scen11,timeout,,29.16,D:\Research\FrequencyAssignment\SourceCode\SAT\pairwise\results\preprocessing\matched_kmtotalizer\scen11.log
cardinality,seqcounter,off,TUD200.1,optimal,,38.37,D:\Research\FrequencyAssignment\SourceCode\SAT\pairwise\results\no_preprocessing\matched_seqcounter\TUD200.1.log
cardinality,seqcounter,off,TUD200.2,optimal,2.01,1.93,D:\Research\FrequencyAssignment\SourceCode\SAT\pairwise\results\no_preprocessing\matched_seqcounter\TUD200.2.log
cardinality,seqcounter,off,TUD200.3,optimal,,11.53,D:\Research\FrequencyAssignment\SourceCode\SAT\pairwise\results\no_preprocessing\matched_seqcounter\TUD200.3.log
cardinality,seqcounter,off,TUD200.4,optimal,,1.58,D:\Research\FrequencyAssignment\SourceCode\SAT\pairwise\results\no_preprocessing\matched_seqcounter\TUD200.4.log
cardinality,seqcounter,off,TUD200.5,infeasible,1.64,,D:\Research\FrequencyAssignment\SourceCode\SAT\pairwise\results\no_preprocessing\matched_seqcounter\TUD200.5.log
cardinality,seqcounter,off,TUD916.1,optimal,,58.05,D:\Research\FrequencyAssignment\SourceCode\SAT\pairwise\results\no_preprocessing\matched_seqcounter\TUD916.1.log
cardinality,seqcounter,off,TUD916.2,optimal,8.51,8.02,D:\Research\FrequencyAssignment\SourceCode\SAT\pairwise\results\no_preprocessing\matched_seqcounter\TUD916.2.log
cardinality,seqcounter,off,TUD916.3,optimal,,21.82,D:\Research\FrequencyAssignment\SourceCode\SAT\pairwise\results\no_preprocessing\matched_seqcounter\TUD916.3.log
cardinality,seqcounter,off,TUD916.4,optimal,,12.9,D:\Research\FrequencyAssignment\SourceCode\SAT\pairwise\results\no_preprocessing\matched_seqcounter\TUD916.4.log
cardinality,seqcounter,off,TUD916.5,infeasible,6.97,,D:\Research\FrequencyAssignment\SourceCode\SAT\pairwise\results\no_preprocessing\matched_seqcounter\TUD916.5.log
cardinality,seqcounter,off,graph01,timeout,,1.09,D:\Research\FrequencyAssignment\SourceCode\SAT\pairwise\results\no_preprocessing\matched_seqcounter\graph01.log
cardinality,seqcounter,off,graph02,timeout,,0.94,D:\Research\FrequencyAssignment\SourceCode\SAT\pairwise\results\no_preprocessing\matched_seqcounter\graph02.log
cardinality,seqcounter,off,graph03,optimal,,74.13,D:\Research\FrequencyAssignment\SourceCode\SAT\pairwise\results\no_preprocessing\matched_seqcounter\graph03.log
cardinality,seqcounter,off,graph04,optimal,,145.6,D:\Research\FrequencyAssignment\SourceCode\SAT\pairwise\results\no_preprocessing\matched_seqcounter\graph04.log
cardinality,seqcounter,off,graph05,infeasible,1.44,,D:\Research\FrequencyAssignment\SourceCode\SAT\pairwise\results\no_preprocessing\matched_seqcounter\graph05.log
cardinality,seqcounter,off,graph06,infeasible,3.0,,D:\Research\FrequencyAssignment\SourceCode\SAT\pairwise\results\no_preprocessing\matched_seqcounter\graph06.log
cardinality,seqcounter,off,graph07,infeasible,0.2,,D:\Research\FrequencyAssignment\SourceCode\SAT\pairwise\results\no_preprocessing\matched_seqcounter\graph07.log
cardinality,seqcounter,off,graph08,timeout,,2.19,D:\Research\FrequencyAssignment\SourceCode\SAT\pairwise\results\no_preprocessing\matched_seqcounter\graph08.log
cardinality,seqcounter,off,graph09,timeout,,8.3,D:\Research\FrequencyAssignment\SourceCode\SAT\pairwise\results\no_preprocessing\matched_seqcounter\graph09.log
cardinality,seqcounter,off,graph10,timeout,,89.73,D:\Research\FrequencyAssignment\SourceCode\SAT\pairwise\results\no_preprocessing\matched_seqcounter\graph10.log
cardinality,seqcounter,off,graph11,infeasible,4.97,,D:\Research\FrequencyAssignment\SourceCode\SAT\pairwise\results\no_preprocessing\matched_seqcounter\graph11.log
cardinality,seqcounter,off,graph12,infeasible,0.4,,D:\Research\FrequencyAssignment\SourceCode\SAT\pairwise\results\no_preprocessing\matched_seqcounter\graph12.log
cardinality,seqcounter,off,graph13,infeasible,7.47,,D:\Research\FrequencyAssignment\SourceCode\SAT\pairwise\results\no_preprocessing\matched_seqcounter\graph13.log
cardinality,seqcounter,off,graph14,optimal,,36.68,D:\Research\FrequencyAssignment\SourceCode\SAT\pairwise\results\no_preprocessing\matched_seqcounter\graph14.log
cardinality,seqcounter,off,scen01,timeout,,8.36,D:\Research\FrequencyAssignment\SourceCode\SAT\pairwise\results\no_preprocessing\matched_seqcounter\scen01.log
cardinality,seqcounter,off,scen02,timeout,,0.84,D:\Research\FrequencyAssignment\SourceCode\SAT\pairwise\results\no_preprocessing\matched_seqcounter\scen02.log
cardinality,seqcounter,off,scen03,timeout,,1.83,D:\Research\FrequencyAssignment\SourceCode\SAT\pairwise\results\no_preprocessing\matched_seqcounter\scen03.log
cardinality,seqcounter,off,scen04,optimal,2.03,2.01,D:\Research\FrequencyAssignment\SourceCode\SAT\pairwise\results\no_preprocessing\matched_seqcounter\scen04.log
cardinality,seqcounter,off,scen05,optimal,,20.28,D:\Research\FrequencyAssignment\SourceCode\SAT\pairwise\results\no_preprocessing\matched_seqcounter\scen05.log
cardinality,seqcounter,off,scen06,infeasible,2.41,,D:\Research\FrequencyAssignment\SourceCode\SAT\pairwise\results\no_preprocessing\matched_seqcounter\scen06.log
cardinality,seqcounter,off,scen07,infeasible,5.01,,D:\Research\FrequencyAssignment\SourceCode\SAT\pairwise\results\no_preprocessing\matched_seqcounter\scen07.log
cardinality,seqcounter,off,scen08,infeasible,9.15,,D:\Research\FrequencyAssignment\SourceCode\SAT\pairwise\results\no_preprocessing\matched_seqcounter\scen08.log
cardinality,seqcounter,off,scen09,infeasible,0.21,,D:\Research\FrequencyAssignment\SourceCode\SAT\pairwise\results\no_preprocessing\matched_seqcounter\scen09.log
cardinality,seqcounter,off,scen10,infeasible,0.21,,D:\Research\FrequencyAssignment\SourceCode\SAT\pairwise\results\no_preprocessing\matched_seqcounter\scen10.log
cardinality,seqcounter,off,scen11,timeout,,16.44,D:\Research\FrequencyAssignment\SourceCode\SAT\pairwise\results\no_preprocessing\matched_seqcounter\scen11.log
cardinality,seqcounter,on,TUD200.1,optimal,,37.41,D:\Research\FrequencyAssignment\SourceCode\SAT\pairwise\results\preprocessing\matched_seqcounter\TUD200.1.log
cardinality,seqcounter,on,TUD200.2,optimal,0.07,0.06,D:\Research\FrequencyAssignment\SourceCode\SAT\pairwise\results\preprocessing\matched_seqcounter\TUD200.2.log
cardinality,seqcounter,on,TUD200.3,optimal,,4.98,D:\Research\FrequencyAssignment\SourceCode\SAT\pairwise\results\preprocessing\matched_seqcounter\TUD200.3.log
cardinality,seqcounter,on,TUD200.4,optimal,,0.09,D:\Research\FrequencyAssignment\SourceCode\SAT\pairwise\results\preprocessing\matched_seqcounter\TUD200.4.log
cardinality,seqcounter,on,TUD200.5,infeasible,0.04,,D:\Research\FrequencyAssignment\SourceCode\SAT\pairwise\results\preprocessing\matched_seqcounter\TUD200.5.log
cardinality,seqcounter,on,TUD916.1,optimal,,76.92,D:\Research\FrequencyAssignment\SourceCode\SAT\pairwise\results\preprocessing\matched_seqcounter\TUD916.1.log
cardinality,seqcounter,on,TUD916.2,optimal,0.28,0.27,D:\Research\FrequencyAssignment\SourceCode\SAT\pairwise\results\preprocessing\matched_seqcounter\TUD916.2.log
cardinality,seqcounter,on,TUD916.3,optimal,,22.14,D:\Research\FrequencyAssignment\SourceCode\SAT\pairwise\results\preprocessing\matched_seqcounter\TUD916.3.log
cardinality,seqcounter,on,TUD916.4,optimal,,0.44,D:\Research\FrequencyAssignment\SourceCode\SAT\pairwise\results\preprocessing\matched_seqcounter\TUD916.4.log
cardinality,seqcounter,on,TUD916.5,infeasible,0.14,,D:\Research\FrequencyAssignment\SourceCode\SAT\pairwise\results\preprocessing\matched_seqcounter\TUD916.5.log
cardinality,seqcounter,on,graph01,timeout,,1.14,D:\Research\FrequencyAssignment\SourceCode\SAT\pairwise\results\preprocessing\matched_seqcounter\graph01.log
cardinality,seqcounter,on,graph02,timeout,,1.01,D:\Research\FrequencyAssignment\SourceCode\SAT\pairwise\results\preprocessing\matched_seqcounter\graph02.log
cardinality,seqcounter,on,graph03,optimal,,56.14,D:\Research\FrequencyAssignment\SourceCode\SAT\pairwise\results\preprocessing\matched_seqcounter\graph03.log
cardinality,seqcounter,on,graph04,optimal,,149.2,D:\Research\FrequencyAssignment\SourceCode\SAT\pairwise\results\preprocessing\matched_seqcounter\graph04.log
cardinality,seqcounter,on,graph05,infeasible,0.03,,D:\Research\FrequencyAssignment\SourceCode\SAT\pairwise\results\preprocessing\matched_seqcounter\graph05.log
cardinality,seqcounter,on,graph06,infeasible,0.07,,D:\Research\FrequencyAssignment\SourceCode\SAT\pairwise\results\preprocessing\matched_seqcounter\graph06.log
cardinality,seqcounter,on,graph07,infeasible,0.0,,D:\Research\FrequencyAssignment\SourceCode\SAT\pairwise\results\preprocessing\matched_seqcounter\graph07.log
cardinality,seqcounter,on,graph08,timeout,,2.28,D:\Research\FrequencyAssignment\SourceCode\SAT\pairwise\results\preprocessing\matched_seqcounter\graph08.log
cardinality,seqcounter,on,graph09,timeout,,8.48,D:\Research\FrequencyAssignment\SourceCode\SAT\pairwise\results\preprocessing\matched_seqcounter\graph09.log
cardinality,seqcounter,on,graph10,timeout,,169.43,D:\Research\FrequencyAssignment\SourceCode\SAT\pairwise\results\preprocessing\matched_seqcounter\graph10.log
cardinality,seqcounter,on,graph11,infeasible,0.12,,D:\Research\FrequencyAssignment\SourceCode\SAT\pairwise\results\preprocessing\matched_seqcounter\graph11.log
cardinality,seqcounter,on,graph12,infeasible,0.01,,D:\Research\FrequencyAssignment\SourceCode\SAT\pairwise\results\preprocessing\matched_seqcounter\graph12.log
cardinality,seqcounter,on,graph13,infeasible,0.19,,D:\Research\FrequencyAssignment\SourceCode\SAT\pairwise\results\preprocessing\matched_seqcounter\graph13.log
cardinality,seqcounter,on,graph14,optimal,,36.85,D:\Research\FrequencyAssignment\SourceCode\SAT\pairwise\results\preprocessing\matched_seqcounter\graph14.log
cardinality,seqcounter,on,scen01,timeout,,8.58,D:\Research\FrequencyAssignment\SourceCode\SAT\pairwise\results\preprocessing\matched_seqcounter\scen01.log
cardinality,seqcounter,on,scen02,timeout,,0.87,D:\Research\FrequencyAssignment\SourceCode\SAT\pairwise\results\preprocessing\matched_seqcounter\scen02.log
cardinality,seqcounter,on,scen03,timeout,,1.92,D:\Research\FrequencyAssignment\SourceCode\SAT\pairwise\results\preprocessing\matched_seqcounter\scen03.log
cardinality,seqcounter,on,scen04,optimal,0.08,0.08,D:\Research\FrequencyAssignment\SourceCode\SAT\pairwise\results\preprocessing\matched_seqcounter\scen04.log
cardinality,seqcounter,on,scen05,optimal,,0.57,D:\Research\FrequencyAssignment\SourceCode\SAT\pairwise\results\preprocessing\matched_seqcounter\scen05.log
cardinality,seqcounter,on,scen06,infeasible,0.18,,D:\Research\FrequencyAssignment\SourceCode\SAT\pairwise\results\preprocessing\matched_seqcounter\scen06.log
cardinality,seqcounter,on,scen07,infeasible,0.16,,D:\Research\FrequencyAssignment\SourceCode\SAT\pairwise\results\preprocessing\matched_seqcounter\scen07.log
cardinality,seqcounter,on,scen08,infeasible,0.22,,D:\Research\FrequencyAssignment\SourceCode\SAT\pairwise\results\preprocessing\matched_seqcounter\scen08.log
cardinality,seqcounter,on,scen09,infeasible,0.01,,D:\Research\FrequencyAssignment\SourceCode\SAT\pairwise\results\preprocessing\matched_seqcounter\scen09.log
cardinality,seqcounter,on,scen10,infeasible,0.01,,D:\Research\FrequencyAssignment\SourceCode\SAT\pairwise\results\preprocessing\matched_seqcounter\scen10.log
cardinality,seqcounter,on,scen11,timeout,,16.52,D:\Research\FrequencyAssignment\SourceCode\SAT\pairwise\results\preprocessing\matched_seqcounter\scen11.log
cardinality,totalizer,off,TUD200.1,optimal,,48.14,D:\Research\FrequencyAssignment\SourceCode\SAT\pairwise\results\no_preprocessing\matched_totalizer\TUD200.1.log
cardinality,totalizer,off,TUD200.2,optimal,10.96,9.71,D:\Research\FrequencyAssignment\SourceCode\SAT\pairwise\results\no_preprocessing\matched_totalizer\TUD200.2.log
cardinality,totalizer,off,TUD200.3,optimal,,7.84,D:\Research\FrequencyAssignment\SourceCode\SAT\pairwise\results\no_preprocessing\matched_totalizer\TUD200.3.log
cardinality,totalizer,off,TUD200.4,optimal,,7.22,D:\Research\FrequencyAssignment\SourceCode\SAT\pairwise\results\no_preprocessing\matched_totalizer\TUD200.4.log
cardinality,totalizer,off,TUD200.5,infeasible,7.09,,D:\Research\FrequencyAssignment\SourceCode\SAT\pairwise\results\no_preprocessing\matched_totalizer\TUD200.5.log
cardinality,totalizer,off,TUD916.1,optimal,,79.0,D:\Research\FrequencyAssignment\SourceCode\SAT\pairwise\results\no_preprocessing\matched_totalizer\TUD916.1.log
cardinality,totalizer,off,TUD916.2,optimal,45.53,40.46,D:\Research\FrequencyAssignment\SourceCode\SAT\pairwise\results\no_preprocessing\matched_totalizer\TUD916.2.log
cardinality,totalizer,off,TUD916.3,optimal,,55.7,D:\Research\FrequencyAssignment\SourceCode\SAT\pairwise\results\no_preprocessing\matched_totalizer\TUD916.3.log
cardinality,totalizer,off,TUD916.4,optimal,,72.62,D:\Research\FrequencyAssignment\SourceCode\SAT\pairwise\results\no_preprocessing\matched_totalizer\TUD916.4.log
cardinality,totalizer,off,TUD916.5,infeasible,29.34,,D:\Research\FrequencyAssignment\SourceCode\SAT\pairwise\results\no_preprocessing\matched_totalizer\TUD916.5.log
cardinality,totalizer,off,graph01,timeout,,0.8,D:\Research\FrequencyAssignment\SourceCode\SAT\pairwise\results\no_preprocessing\matched_totalizer\graph01.log
cardinality,totalizer,off,graph02,timeout,,2.09,D:\Research\FrequencyAssignment\SourceCode\SAT\pairwise\results\no_preprocessing\matched_totalizer\graph02.log
cardinality,totalizer,off,graph03,optimal,,114.39,D:\Research\FrequencyAssignment\SourceCode\SAT\pairwise\results\no_preprocessing\matched_totalizer\graph03.log
cardinality,totalizer,off,graph04,optimal,,254.79,D:\Research\FrequencyAssignment\SourceCode\SAT\pairwise\results\no_preprocessing\matched_totalizer\graph04.log
cardinality,totalizer,off,graph05,infeasible,6.25,,D:\Research\FrequencyAssignment\SourceCode\SAT\pairwise\results\no_preprocessing\matched_totalizer\graph05.log
cardinality,totalizer,off,graph06,infeasible,12.57,,D:\Research\FrequencyAssignment\SourceCode\SAT\pairwise\results\no_preprocessing\matched_totalizer\graph06.log
cardinality,totalizer,off,graph07,infeasible,0.75,,D:\Research\FrequencyAssignment\SourceCode\SAT\pairwise\results\no_preprocessing\matched_totalizer\graph07.log
cardinality,totalizer,off,graph08,timeout,,12.3,D:\Research\FrequencyAssignment\SourceCode\SAT\pairwise\results\no_preprocessing\matched_totalizer\graph08.log
cardinality,totalizer,off,graph09,timeout,,27.25,D:\Research\FrequencyAssignment\SourceCode\SAT\pairwise\results\no_preprocessing\matched_totalizer\graph09.log
cardinality,totalizer,off,graph10,timeout,,477.75,D:\Research\FrequencyAssignment\SourceCode\SAT\pairwise\results\no_preprocessing\matched_totalizer\graph10.log
cardinality,totalizer,off,graph11,infeasible,22.48,,D:\Research\FrequencyAssignment\SourceCode\SAT\pairwise\results\no_preprocessing\matched_totalizer\graph11.log
cardinality,totalizer,off,graph12,infeasible,1.53,,D:\Research\FrequencyAssignment\SourceCode\SAT\pairwise\results\no_preprocessing\matched_totalizer\graph12.log
cardinality,totalizer,off,graph13,infeasible,33.23,,D:\Research\FrequencyAssignment\SourceCode\SAT\pairwise\results\no_preprocessing\matched_totalizer\graph13.log
cardinality,totalizer,off,graph14,optimal,,52.28,D:\Research\FrequencyAssignment\SourceCode\SAT\pairwise\results\no_preprocessing\matched_totalizer\graph14.log
cardinality,totalizer,off,scen01,timeout,,21.72,D:\Research\FrequencyAssignment\SourceCode\SAT\pairwise\results\no_preprocessing\matched_totalizer\scen01.log
cardinality,totalizer,off,scen02,timeout,,4.86,D:\Research\FrequencyAssignment\SourceCode\SAT\pairwise\results\no_preprocessing\matched_totalizer\scen02.log
cardinality,totalizer,off,scen03,timeout,,11.16,D:\Research\FrequencyAssignment\SourceCode\SAT\pairwise\results\no_preprocessing\matched_totalizer\scen03.log
cardinality,totalizer,off,scen04,optimal,10.65,10.62,D:\Research\FrequencyAssignment\SourceCode\SAT\pairwise\results\no_preprocessing\matched_totalizer\scen04.log
cardinality,totalizer,off,scen05,optimal,,94.62,D:\Research\FrequencyAssignment\SourceCode\SAT\pairwise\results\no_preprocessing\matched_totalizer\scen05.log
cardinality,totalizer,off,scen06,infeasible,11.71,,D:\Research\FrequencyAssignment\SourceCode\SAT\pairwise\results\no_preprocessing\matched_totalizer\scen06.log
cardinality,totalizer,off,scen07,infeasible,25.66,,D:\Research\FrequencyAssignment\SourceCode\SAT\pairwise\results\no_preprocessing\matched_totalizer\scen07.log
cardinality,totalizer,off,scen08,infeasible,46.04,,D:\Research\FrequencyAssignment\SourceCode\SAT\pairwise\results\no_preprocessing\matched_totalizer\scen08.log
cardinality,totalizer,off,scen09,infeasible,0.78,,D:\Research\FrequencyAssignment\SourceCode\SAT\pairwise\results\no_preprocessing\matched_totalizer\scen09.log
cardinality,totalizer,off,scen10,infeasible,0.77,,D:\Research\FrequencyAssignment\SourceCode\SAT\pairwise\results\no_preprocessing\matched_totalizer\scen10.log
cardinality,totalizer,off,scen11,timeout,,43.71,D:\Research\FrequencyAssignment\SourceCode\SAT\pairwise\results\no_preprocessing\matched_totalizer\scen11.log
cardinality,totalizer,on,TUD200.1,optimal,,29.43,D:\Research\FrequencyAssignment\SourceCode\SAT\pairwise\results\preprocessing\matched_totalizer\TUD200.1.log
cardinality,totalizer,on,TUD200.2,optimal,0.07,0.06,D:\Research\FrequencyAssignment\SourceCode\SAT\pairwise\results\preprocessing\matched_totalizer\TUD200.2.log
cardinality,totalizer,on,TUD200.3,optimal,,8.2,D:\Research\FrequencyAssignment\SourceCode\SAT\pairwise\results\preprocessing\matched_totalizer\TUD200.3.log
cardinality,totalizer,on,TUD200.4,optimal,,0.12,D:\Research\FrequencyAssignment\SourceCode\SAT\pairwise\results\preprocessing\matched_totalizer\TUD200.4.log
cardinality,totalizer,on,TUD200.5,infeasible,0.04,,D:\Research\FrequencyAssignment\SourceCode\SAT\pairwise\results\preprocessing\matched_totalizer\TUD200.5.log
cardinality,totalizer,on,TUD916.1,optimal,,110.03,D:\Research\FrequencyAssignment\SourceCode\SAT\pairwise\results\preprocessing\matched_totalizer\TUD916.1.log
cardinality,totalizer,on,TUD916.2,optimal,0.28,0.28,D:\Research\FrequencyAssignment\SourceCode\SAT\pairwise\results\preprocessing\matched_totalizer\TUD916.2.log
cardinality,totalizer,on,TUD916.3,optimal,,51.12,D:\Research\FrequencyAssignment\SourceCode\SAT\pairwise\results\preprocessing\matched_totalizer\TUD916.3.log
cardinality,totalizer,on,TUD916.4,optimal,,0.47,D:\Research\FrequencyAssignment\SourceCode\SAT\pairwise\results\preprocessing\matched_totalizer\TUD916.4.log
cardinality,totalizer,on,TUD916.5,infeasible,0.15,,D:\Research\FrequencyAssignment\SourceCode\SAT\pairwise\results\preprocessing\matched_totalizer\TUD916.5.log
cardinality,totalizer,on,graph01,timeout,,0.83,D:\Research\FrequencyAssignment\SourceCode\SAT\pairwise\results\preprocessing\matched_totalizer\graph01.log
cardinality,totalizer,on,graph02,timeout,,2.14,D:\Research\FrequencyAssignment\SourceCode\SAT\pairwise\results\preprocessing\matched_totalizer\graph02.log
cardinality,totalizer,on,graph03,optimal,,118.41,D:\Research\FrequencyAssignment\SourceCode\SAT\pairwise\results\preprocessing\matched_totalizer\graph03.log
cardinality,totalizer,on,graph04,optimal,,241.8,D:\Research\FrequencyAssignment\SourceCode\SAT\pairwise\results\preprocessing\matched_totalizer\graph04.log
cardinality,totalizer,on,graph05,infeasible,0.03,,D:\Research\FrequencyAssignment\SourceCode\SAT\pairwise\results\preprocessing\matched_totalizer\graph05.log
cardinality,totalizer,on,graph06,infeasible,0.07,,D:\Research\FrequencyAssignment\SourceCode\SAT\pairwise\results\preprocessing\matched_totalizer\graph06.log
cardinality,totalizer,on,graph07,infeasible,0.0,,D:\Research\FrequencyAssignment\SourceCode\SAT\pairwise\results\preprocessing\matched_totalizer\graph07.log
cardinality,totalizer,on,graph08,timeout,,12.45,D:\Research\FrequencyAssignment\SourceCode\SAT\pairwise\results\preprocessing\matched_totalizer\graph08.log
cardinality,totalizer,on,graph09,timeout,,27.81,D:\Research\FrequencyAssignment\SourceCode\SAT\pairwise\results\preprocessing\matched_totalizer\graph09.log
cardinality,totalizer,on,graph10,timeout,,340.02,D:\Research\FrequencyAssignment\SourceCode\SAT\pairwise\results\preprocessing\matched_totalizer\graph10.log
cardinality,totalizer,on,graph11,infeasible,0.12,,D:\Research\FrequencyAssignment\SourceCode\SAT\pairwise\results\preprocessing\matched_totalizer\graph11.log
cardinality,totalizer,on,graph12,infeasible,0.01,,D:\Research\FrequencyAssignment\SourceCode\SAT\pairwise\results\preprocessing\matched_totalizer\graph12.log
cardinality,totalizer,on,graph13,infeasible,0.19,,D:\Research\FrequencyAssignment\SourceCode\SAT\pairwise\results\preprocessing\matched_totalizer\graph13.log
cardinality,totalizer,on,graph14,optimal,,52.42,D:\Research\FrequencyAssignment\SourceCode\SAT\pairwise\results\preprocessing\matched_totalizer\graph14.log
cardinality,totalizer,on,scen01,timeout,,21.9,D:\Research\FrequencyAssignment\SourceCode\SAT\pairwise\results\preprocessing\matched_totalizer\scen01.log
cardinality,totalizer,on,scen02,timeout,,4.92,D:\Research\FrequencyAssignment\SourceCode\SAT\pairwise\results\preprocessing\matched_totalizer\scen02.log
cardinality,totalizer,on,scen03,timeout,,11.22,D:\Research\FrequencyAssignment\SourceCode\SAT\pairwise\results\preprocessing\matched_totalizer\scen03.log
cardinality,totalizer,on,scen04,optimal,0.1,0.1,D:\Research\FrequencyAssignment\SourceCode\SAT\pairwise\results\preprocessing\matched_totalizer\scen04.log
cardinality,totalizer,on,scen05,optimal,,1.18,D:\Research\FrequencyAssignment\SourceCode\SAT\pairwise\results\preprocessing\matched_totalizer\scen05.log
cardinality,totalizer,on,scen06,infeasible,0.18,,D:\Research\FrequencyAssignment\SourceCode\SAT\pairwise\results\preprocessing\matched_totalizer\scen06.log
cardinality,totalizer,on,scen07,infeasible,0.16,,D:\Research\FrequencyAssignment\SourceCode\SAT\pairwise\results\preprocessing\matched_totalizer\scen07.log
cardinality,totalizer,on,scen08,infeasible,0.22,,D:\Research\FrequencyAssignment\SourceCode\SAT\pairwise\results\preprocessing\matched_totalizer\scen08.log
cardinality,totalizer,on,scen09,infeasible,0.01,,D:\Research\FrequencyAssignment\SourceCode\SAT\pairwise\results\preprocessing\matched_totalizer\scen09.log
cardinality,totalizer,on,scen10,infeasible,0.01,,D:\Research\FrequencyAssignment\SourceCode\SAT\pairwise\results\preprocessing\matched_totalizer\scen10.log
cardinality,totalizer,on,scen11,timeout,,43.85,D:\Research\FrequencyAssignment\SourceCode\SAT\pairwise\results\preprocessing\matched_totalizer\scen11.log
cpsat,default,off,TUD200.1,optimal,3.06,8.11,D:\Research\FrequencyAssignment\SourceCode\CPSAT\results\no_preprocessing\TUD200.1.log
cpsat,default,off,TUD200.2,optimal,5.24,5.27,D:\Research\FrequencyAssignment\SourceCode\CPSAT\results\no_preprocessing\TUD200.2.log
cpsat,default,off,TUD200.3,optimal,3.19,5.24,D:\Research\FrequencyAssignment\SourceCode\CPSAT\results\no_preprocessing\TUD200.3.log
cpsat,default,off,TUD200.4,optimal,4.74,4.76,D:\Research\FrequencyAssignment\SourceCode\CPSAT\results\no_preprocessing\TUD200.4.log
cpsat,default,off,TUD200.5,infeasible,,4.45,D:\Research\FrequencyAssignment\SourceCode\CPSAT\results\no_preprocessing\TUD200.5.log
cpsat,default,off,TUD916.1,optimal,32.04,32.41,D:\Research\FrequencyAssignment\SourceCode\CPSAT\results\no_preprocessing\TUD916.1.log
cpsat,default,off,TUD916.2,optimal,23.02,23.14,D:\Research\FrequencyAssignment\SourceCode\CPSAT\results\no_preprocessing\TUD916.2.log
cpsat,default,off,TUD916.3,optimal,19.58,19.88,D:\Research\FrequencyAssignment\SourceCode\CPSAT\results\no_preprocessing\TUD916.3.log
cpsat,default,off,TUD916.4,optimal,26.79,26.88,D:\Research\FrequencyAssignment\SourceCode\CPSAT\results\no_preprocessing\TUD916.4.log
cpsat,default,off,TUD916.5,infeasible,,17.04,D:\Research\FrequencyAssignment\SourceCode\CPSAT\results\no_preprocessing\TUD916.5.log
cpsat,default,off,graph01,optimal,1.27,1.65,D:\Research\FrequencyAssignment\SourceCode\CPSAT\results\no_preprocessing\graph01.log
cpsat,default,off,graph02,optimal,3.02,53.5,D:\Research\FrequencyAssignment\SourceCode\CPSAT\results\no_preprocessing\graph02.log
cpsat,default,off,graph03,optimal,7.27,29.6,D:\Research\FrequencyAssignment\SourceCode\CPSAT\results\no_preprocessing\graph03.log
cpsat,default,off,graph04,optimal,15.2,58.4,D:\Research\FrequencyAssignment\SourceCode\CPSAT\results\no_preprocessing\graph04.log
cpsat,default,off,graph05,infeasible,,4.0,D:\Research\FrequencyAssignment\SourceCode\CPSAT\results\no_preprocessing\graph05.log
cpsat,default,off,graph06,infeasible,,7.22,D:\Research\FrequencyAssignment\SourceCode\CPSAT\results\no_preprocessing\graph06.log
cpsat,default,off,graph07,infeasible,,0.43,D:\Research\FrequencyAssignment\SourceCode\CPSAT\results\no_preprocessing\graph07.log
cpsat,default,off,graph08,optimal,7.27,78.14,D:\Research\FrequencyAssignment\SourceCode\CPSAT\results\no_preprocessing\graph08.log
cpsat,default,off,graph09,optimal,15.21,74.26,D:\Research\FrequencyAssignment\SourceCode\CPSAT\results\no_preprocessing\graph09.log
cpsat,default,off,graph10,optimal,28.14,349.25,D:\Research\FrequencyAssignment\SourceCode\CPSAT\results\no_preprocessing\graph10.log
cpsat,default,off,graph11,infeasible,,12.96,D:\Research\FrequencyAssignment\SourceCode\CPSAT\results\no_preprocessing\graph11.log
cpsat,default,off,graph12,infeasible,,0.91,D:\Research\FrequencyAssignment\SourceCode\CPSAT\results\no_preprocessing\graph12.log
cpsat,default,off,graph13,infeasible,,18.18,D:\Research\FrequencyAssignment\SourceCode\CPSAT\results\no_preprocessing\graph13.log
cpsat,default,off,graph14,optimal,10.95,43.13,D:\Research\FrequencyAssignment\SourceCode\CPSAT\results\no_preprocessing\graph14.log
cpsat,default,off,scen01,timeout,11.67,,D:\Research\FrequencyAssignment\SourceCode\CPSAT\results\no_preprocessing\scen01.log
cpsat,default,off,scen02,optimal,2.76,10.75,D:\Research\FrequencyAssignment\SourceCode\CPSAT\results\no_preprocessing\scen02.log
cpsat,default,off,scen03,timeout,6.63,,D:\Research\FrequencyAssignment\SourceCode\CPSAT\results\no_preprocessing\scen03.log
cpsat,default,off,scen04,optimal,5.28,5.33,D:\Research\FrequencyAssignment\SourceCode\CPSAT\results\no_preprocessing\scen04.log
cpsat,default,off,scen05,optimal,18.01,18.07,D:\Research\FrequencyAssignment\SourceCode\CPSAT\results\no_preprocessing\scen05.log
cpsat,default,off,scen06,infeasible,,7.63,D:\Research\FrequencyAssignment\SourceCode\CPSAT\results\no_preprocessing\scen06.log
cpsat,default,off,scen07,infeasible,,13.55,D:\Research\FrequencyAssignment\SourceCode\CPSAT\results\no_preprocessing\scen07.log
cpsat,default,off,scen08,infeasible,,25.31,D:\Research\FrequencyAssignment\SourceCode\CPSAT\results\no_preprocessing\scen08.log
cpsat,default,off,scen09,infeasible,,0.43,D:\Research\FrequencyAssignment\SourceCode\CPSAT\results\no_preprocessing\scen09.log
cpsat,default,off,scen10,infeasible,,0.44,D:\Research\FrequencyAssignment\SourceCode\CPSAT\results\no_preprocessing\scen10.log
cpsat,default,off,scen11,timeout,10.84,,D:\Research\FrequencyAssignment\SourceCode\CPSAT\results\no_preprocessing\scen11.log
cpsat,default,on,TUD200.1,optimal,3.44,12.38,D:\Research\FrequencyAssignment\SourceCode\CPSAT\results\preprocessing\TUD200.1.log
cpsat,default,on,TUD200.2,optimal,0.09,0.1,D:\Research\FrequencyAssignment\SourceCode\CPSAT\results\preprocessing\TUD200.2.log
cpsat,default,on,TUD200.3,optimal,3.25,6.0,D:\Research\FrequencyAssignment\SourceCode\CPSAT\results\preprocessing\TUD200.3.log
cpsat,default,on,TUD200.4,optimal,0.19,0.19,D:\Research\FrequencyAssignment\SourceCode\CPSAT\results\preprocessing\TUD200.4.log
cpsat,default,on,TUD200.5,infeasible,,0.05,D:\Research\FrequencyAssignment\SourceCode\CPSAT\results\preprocessing\TUD200.5.log
cpsat,default,on,TUD916.1,optimal,34.36,34.52,D:\Research\FrequencyAssignment\SourceCode\CPSAT\results\preprocessing\TUD916.1.log
cpsat,default,on,TUD916.2,optimal,0.39,0.4,D:\Research\FrequencyAssignment\SourceCode\CPSAT\results\preprocessing\TUD916.2.log
cpsat,default,on,TUD916.3,optimal,16.9,18.09,D:\Research\FrequencyAssignment\SourceCode\CPSAT\results\preprocessing\TUD916.3.log
cpsat,default,on,TUD916.4,optimal,0.68,0.69,D:\Research\FrequencyAssignment\SourceCode\CPSAT\results\preprocessing\TUD916.4.log
cpsat,default,on,TUD916.5,infeasible,,0.19,D:\Research\FrequencyAssignment\SourceCode\CPSAT\results\preprocessing\TUD916.5.log
cpsat,default,on,graph01,optimal,1.44,1.68,D:\Research\FrequencyAssignment\SourceCode\CPSAT\results\preprocessing\graph01.log
cpsat,default,on,graph02,optimal,3.24,30.86,D:\Research\FrequencyAssignment\SourceCode\CPSAT\results\preprocessing\graph02.log
cpsat,default,on,graph03,optimal,6.97,27.21,D:\Research\FrequencyAssignment\SourceCode\CPSAT\results\preprocessing\graph03.log
cpsat,default,on,graph04,optimal,14.86,59.21,D:\Research\FrequencyAssignment\SourceCode\CPSAT\results\preprocessing\graph04.log
cpsat,default,on,graph05,infeasible,,0.04,D:\Research\FrequencyAssignment\SourceCode\CPSAT\results\preprocessing\graph05.log
cpsat,default,on,graph06,infeasible,,0.1,D:\Research\FrequencyAssignment\SourceCode\CPSAT\results\preprocessing\graph06.log
cpsat,default,on,graph07,infeasible,,0.01,D:\Research\FrequencyAssignment\SourceCode\CPSAT\results\preprocessing\graph07.log
cpsat,default,on,graph08,optimal,7.53,96.06,D:\Research\FrequencyAssignment\SourceCode\CPSAT\results\preprocessing\graph08.log
cpsat,default,on,graph09,optimal,11.4,55.91,D:\Research\FrequencyAssignment\SourceCode\CPSAT\results\preprocessing\graph09.log
cpsat,default,on,graph10,optimal,27.97,386.77,D:\Research\FrequencyAssignment\SourceCode\CPSAT\results\preprocessing\graph10.log
cpsat,default,on,graph11,infeasible,,0.17,D:\Research\FrequencyAssignment\SourceCode\CPSAT\results\preprocessing\graph11.log
cpsat,default,on,graph12,infeasible,,0.01,D:\Research\FrequencyAssignment\SourceCode\CPSAT\results\preprocessing\graph12.log
cpsat,default,on,graph13,infeasible,,0.26,D:\Research\FrequencyAssignment\SourceCode\CPSAT\results\preprocessing\graph13.log
cpsat,default,on,graph14,optimal,11.03,32.92,D:\Research\FrequencyAssignment\SourceCode\CPSAT\results\preprocessing\graph14.log
cpsat,default,on,scen01,timeout,12.68,,D:\Research\FrequencyAssignment\SourceCode\CPSAT\results\preprocessing\scen01.log
cpsat,default,on,scen02,optimal,2.9,10.7,D:\Research\FrequencyAssignment\SourceCode\CPSAT\results\preprocessing\scen02.log
cpsat,default,on,scen03,timeout,7.25,,D:\Research\FrequencyAssignment\SourceCode\CPSAT\results\preprocessing\scen03.log
cpsat,default,on,scen04,optimal,0.18,0.19,D:\Research\FrequencyAssignment\SourceCode\CPSAT\results\preprocessing\scen04.log
cpsat,default,on,scen05,optimal,1.48,1.49,D:\Research\FrequencyAssignment\SourceCode\CPSAT\results\preprocessing\scen05.log
cpsat,default,on,scen06,infeasible,,0.25,D:\Research\FrequencyAssignment\SourceCode\CPSAT\results\preprocessing\scen06.log
cpsat,default,on,scen07,infeasible,,0.21,D:\Research\FrequencyAssignment\SourceCode\CPSAT\results\preprocessing\scen07.log
cpsat,default,on,scen08,infeasible,,0.29,D:\Research\FrequencyAssignment\SourceCode\CPSAT\results\preprocessing\scen08.log
cpsat,default,on,scen09,infeasible,,0.01,D:\Research\FrequencyAssignment\SourceCode\CPSAT\results\preprocessing\scen09.log
cpsat,default,on,scen10,infeasible,,0.01,D:\Research\FrequencyAssignment\SourceCode\CPSAT\results\preprocessing\scen10.log
cpsat,default,on,scen11,optimal,10.66,252.0,D:\Research\FrequencyAssignment\SourceCode\CPSAT\results\preprocessing\scen11.log
