,PSE nsc_asumptions,,,PSE tot assumptions,,,pairwise nsc assumptions,,,Gurobi,,,CPLEX/MIP,,,CPLEX/CP,,,Card bitwise,,,Card cardnetwrk,,,Card kmtotalizer,,,Card seqcounter,,,Card totalizer,,,CP-SAT,,,CP-SAT-CP,,,MaxSAT RC2 POSE,,,MaxSAT RC2 DSE km,,,MaxSAT RC2 DSE ladder,,,MaxSAT RC2 DSE seq,,,MaxSAT RC2 DSE tot,,,evalmaxsat POSE,,,evalmaxsat DSE 1,,,evalmaxsat DSE 5,,,evalmaxsat DSE 6,,,evalmaxsat DSE 8,,
Problem,Value,Time,Status,Value,Time,Status,Value,Time,Status,Value,Time,Status,Value,Time,Status,Value,Time,Status,Value,Time,Status,Value,Time,Status,Value,Time,Status,Value,Time,Status,Value,Time,Status,Value,Time,Status,Value,Time,Status,Value,Time,Status,Value,Time,Status,Value,Time,Status,Value,Time,Status,Value,Time,Status,Value,Time,Status,Value,Time,Status,Value,Time,Status,Value,Time,Status,Value,Time,Status
scen01,16,119.14,OPT,16,215.06,OPT,16,600,TO,20,600,TO,24,600,TO,16,600,TO,-,600,TO,-,600,TO,-,600,TO,-,600,TO,-,600,TO,-,600,TO,-,600,TO,16,517.67,OPT,-,600,TO,-,600,TO,-,600,TO,-,600,TO,-,600,TO,-,600,TO,-,600,TO,-,600,TO,-,600,TO
scen02,14,9.78,OPT,14,13.86,OPT,14,600,TO,14,7.39,OPT,14,600,TO,14,600,TO,-,600,TO,-,600,TO,-,600,TO,-,600,TO,-,600,TO,14,10.7,OPT,-,600,TO,14,29.95,OPT,-,600,TO,-,600,TO,-,600,TO,-,600,TO,14,78.75,OPT,-,600,TO,-,600,TO,-,600,TO,-,600,TO
scen03,14,65.31,OPT,14,122.41,OPT,14,600,TO,16,600,TO,18,600,TO,14,600,TO,-,600,TO,-,600,TO,-,600,TO,-,600,TO,-,600,TO,-,600,TO,-,600,TO,14,154.87,OPT,-,600,TO,-,600,TO,-,600,TO,-,600,TO,-,600,TO,-,600,TO,-,600,TO,-,600,TO,-,600,TO
scen04,46,0.1,OPT,46,0.09,OPT,46,0.06,OPT,46,0.16,OPT,46,0.12,OPT,46,0.22,OPT,46,0.12,OPT,46,0.09,OPT,46,0.14,OPT,46,0.08,OPT,46,0.1,OPT,46,0.19,OPT,46,0.43,OPT,46,0.12,OPT,46,0.12,OPT,46,0.15,OPT,46,0.11,OPT,46,0.12,OPT,46,0,OPT,46,0,OPT,46,0.01,OPT,46,0.01,OPT,46,0,OPT
scen05,40,0.4,OPT,40,0.42,OPT,40,0.79,OPT,40,1.37,OPT,40,1.1,OPT,40,0.73,OPT,40,0.76,OPT,40,0.93,OPT,40,0.85,OPT,40,0.57,OPT,40,1.18,OPT,40,1.49,OPT,40,1.1,OPT,40,0.5,OPT,40,0.65,OPT,40,0.88,OPT,40,0.56,OPT,40,0.6,OPT,40,0.02,OPT,40,0.06,OPT,40,0.07,OPT,40,0.08,OPT,40,0.07,OPT
scen06,-,0.22,INF,-,0.22,INF,-,0.49,INF,-,0.24,INF,-,0.23,INF,-,0.24,INF,-,0.23,INF,-,0.18,INF,-,0.23,INF,-,0.18,INF,-,0.18,INF,-,0.25,INF,-,0.24,INF,-,-,-,-,-,-,-,-,-,-,-,-,-,-,-,-,-,-,-,-,-,-,-,-,-,-,-,-,-,-
scen07,-,0.19,INF,-,0.2,INF,-,0.72,INF,-,0.2,INF,-,0.2,INF,-,0.2,INF,-,0.2,INF,-,0.16,INF,-,0.21,INF,-,0.16,INF,-,0.16,INF,-,0.21,INF,-,0.22,INF,-,-,-,-,-,-,-,-,-,-,-,-,-,-,-,-,-,-,-,-,-,-,-,-,-,-,-,-,-,-
scen08,-,0.27,INF,-,0.27,INF,-,1.73,INF,-,0.28,INF,-,0.27,INF,-,0.28,INF,-,0.28,INF,-,0.22,INF,-,0.28,INF,-,0.22,INF,-,0.22,INF,-,0.29,INF,-,0.3,INF,-,-,-,-,-,-,-,-,-,-,-,-,-,-,-,-,-,-,-,-,-,-,-,-,-,-,-,-,-,-
scen09,-,0.01,INF,-,0.01,INF,-,0.02,INF,-,0.01,INF,-,0.01,INF,-,0.01,INF,-,0.01,INF,-,0.01,INF,-,0.01,INF,-,0.01,INF,-,0.01,INF,-,0.01,INF,-,0.02,INF,-,-,-,-,-,-,-,-,-,-,-,-,-,-,-,-,-,-,-,-,-,-,-,-,-,-,-,-,-,-
scen10,-,0.01,INF,-,0.01,INF,-,0.01,INF,-,0.01,INF,-,0.01,INF,-,0.01,INF,-,0.02,INF,-,0.01,INF,-,0.02,INF,-,0.01,INF,-,0.01,INF,-,0.01,INF,-,0.02,INF,-,-,-,-,-,-,-,-,-,-,-,-,-,-,-,-,-,-,-,-,-,-,-,-,-,-,-,-,-,-
scen11,22,16.49,OPT,22,16.42,OPT,22,600,TO,22,198.57,OPT,32,600,TO,22,600,TO,-,600,TO,-,600,TO,-,600,TO,-,600,TO,-,600,TO,22,252,OPT,22,461.56,OPT,22,73.85,OPT,-,600,TO,-,600,TO,-,600,TO,-,600,TO,22,77.12,OPT,-,600,TO,-,600,TO,-,600,TO,-,600,TO
graph01,18,66.73,OPT,18,152.72,OPT,18,600,TO,18,5.68,OPT,18,2.19,OPT,18,600,TO,-,600,TO,-,600,TO,-,600,TO,-,600,TO,-,600,TO,18,1.68,OPT,-,600,TO,18,431.42,OPT,-,600,TO,-,600,TO,-,600,TO,-,600,TO,-,600,TO,-,600,TO,-,600,TO,-,600,TO,-,600,TO
graph02,14,14.96,OPT,14,16.95,OPT,14,600,TO,14,44.7,OPT,14,15.97,OPT,14,600,TO,-,600,TO,-,600,TO,-,600,TO,-,600,TO,-,600,TO,14,30.86,OPT,-,600,TO,14,73.68,OPT,-,600,TO,-,600,TO,-,600,TO,-,600,TO,14,120.86,OPT,-,600,TO,14,304.16,OPT,-,600,TO,-,600,TO
graph03,20,5.9,OPT,20,4.46,OPT,20,24.1,OPT,22,600,TO,32,600,TO,20,89.41,OPT,20,78.74,OPT,20,64.51,OPT,20,83.13,OPT,20,56.14,OPT,20,118.41,OPT,20,27.21,OPT,20,69.88,OPT,20,8.93,OPT,20,14.57,OPT,20,19.9,OPT,20,24.79,OPT,20,16.29,OPT,20,52.19,OPT,20,89.55,OPT,20,76.94,OPT,20,115.98,OPT,20,79.53,OPT
graph04,22,12.21,OPT,22,10.93,OPT,22,58.64,OPT,44,600,TO,-,600,TO,22,315.61,OPT,22,162.32,OPT,22,164.72,OPT,22,186.65,OPT,22,149.2,OPT,22,241.8,OPT,22,59.21,OPT,22,185.22,OPT,22,28.31,OPT,22,26.83,OPT,22,31.9,OPT,22,32.18,OPT,22,26.49,OPT,22,46.71,OPT,22,113.9,OPT,22,92.82,OPT,22,125.96,OPT,22,145.8,OPT
graph05,-,0.04,INF,-,0.04,INF,-,0.09,INF,-,0.04,INF,-,0.04,INF,-,0.04,INF,-,0.05,INF,-,0.03,INF,-,0.05,INF,-,0.03,INF,-,0.03,INF,-,0.04,INF,-,0.09,INF,-,-,-,-,-,-,-,-,-,-,-,-,-,-,-,-,-,-,-,-,-,-,-,-,-,-,-,-,-,-
graph06,-,0.09,INF,-,0.09,INF,-,0.49,INF,-,0.09,INF,-,0.09,INF,-,0.1,INF,-,0.09,INF,-,0.07,INF,-,0.09,INF,-,0.07,INF,-,0.07,INF,-,0.1,INF,-,0.1,INF,-,-,-,-,-,-,-,-,-,-,-,-,-,-,-,-,-,-,-,-,-,-,-,-,-,-,-,-,-,-
graph07,-,0.01,INF,-,0.01,INF,-,0.01,INF,-,0,INF,-,0,INF,-,0.01,INF,-,0.01,INF,-,0,INF,-,0.01,INF,-,0,INF,-,0,INF,-,0.01,INF,-,0.01,INF,-,-,-,-,-,-,-,-,-,-,-,-,-,-,-,-,-,-,-,-,-,-,-,-,-,-,-,-,-,-
graph08,18,38.64,OPT,18,103.44,OPT,18,600,TO,18,240.57,OPT,22,600,TO,18,600,TO,-,600,TO,-,600,TO,-,600,TO,-,600,TO,-,600,TO,18,96.06,OPT,-,600,TO,18,193.93,OPT,-,600,TO,-,600,TO,-,600,TO,-,600,TO,18,142.31,OPT,-,600,TO,18,302.66,OPT,-,600,TO,-,600,TO
graph09,18,159.46,OPT,18,286.23,OPT,18,600,TO,26,600,TO,28,600,TO,18,600,TO,-,600,TO,-,600,TO,-,600,TO,-,600,TO,-,600,TO,18,55.91,OPT,-,600,TO,18,340.59,OPT,-,600,TO,-,600,TO,-,600,TO,-,600,TO,-,600,TO,-,600,TO,-,600,TO,-,600,TO,-,600,TO
graph10,22,60.55,OPT,22,40.94,OPT,22,600,TO,-,600,TO,-,600,TO,22,600,TO,-,600,TO,-,600,TO,-,600,TO,-,600,TO,-,600,TO,22,386.77,OPT,-,600,TO,22,183.74,OPT,22,212.48,OPT,22,179.78,OPT,22,86.77,OPT,22,211.98,OPT,22,112.97,OPT,-,600,TO,22,546.83,OPT,-,600,TO,-,600,TO
graph11,-,0.15,INF,-,0.15,INF,-,0.98,INF,-,0.15,INF,-,0.16,INF,-,0.15,INF,-,0.16,INF,-,0.12,INF,-,0.17,INF,-,0.12,INF,-,0.12,INF,-,0.17,INF,-,0.21,INF,-,-,-,-,-,-,-,-,-,-,-,-,-,-,-,-,-,-,-,-,-,-,-,-,-,-,-,-,-,-
graph12,-,0.01,INF,-,0.01,INF,-,0.02,INF,-,0.01,INF,-,0.01,INF,-,0.01,INF,-,0.01,INF,-,0.01,INF,-,0.02,INF,-,0.01,INF,-,0.01,INF,-,0.01,INF,-,0.02,INF,-,-,-,-,-,-,-,-,-,-,-,-,-,-,-,-,-,-,-,-,-,-,-,-,-,-,-,-,-,-
graph13,-,0.24,INF,-,0.24,INF,-,1.45,INF,-,0.24,INF,-,0.24,INF,-,0.25,INF,-,0.3,INF,-,0.19,INF,-,0.25,INF,-,0.19,INF,-,0.19,INF,-,0.26,INF,-,0.26,INF,-,-,-,-,-,-,-,-,-,-,-,-,-,-,-,-,-,-,-,-,-,-,-,-,-,-,-,-,-,-
graph14,8,8.64,OPT,8,8.49,OPT,8,106.29,OPT,8,456.71,OPT,16,600,TO,10,600,TO,8,41.62,OPT,8,33.39,OPT,8,42.78,OPT,8,36.85,OPT,8,52.42,OPT,8,32.92,OPT,8,528.55,OPT,8,20.12,OPT,8,34.07,OPT,8,62.26,OPT,8,24.89,OPT,8,30.12,OPT,8,40.14,OPT,8,74.69,OPT,8,61.08,OPT,8,65.01,OPT,8,64.06,OPT
TUD200.1,12,2.74,OPT,12,1.75,OPT,12,42.02,OPT,12,14.22,OPT,12,12.34,OPT,12,600,TO,12,60.13,OPT,12,46.56,OPT,12,22.82,OPT,12,37.41,OPT,12,29.43,OPT,12,12.38,OPT,12,111.35,OPT,12,3.99,OPT,12,111.44,OPT,12,13.93,OPT,12,9.34,OPT,12,39.78,OPT,12,14.42,OPT,12,111.63,OPT,12,35.8,OPT,12,124.71,OPT,12,96.75,OPT
TUD200.2,46,0.08,OPT,46,0.08,OPT,46,0.25,OPT,46,0.09,OPT,46,0.09,OPT,46,0.12,OPT,46,0.08,OPT,46,0.07,OPT,46,0.09,OPT,46,0.06,OPT,46,0.06,OPT,46,0.1,OPT,46,0.13,OPT,46,0.06,OPT,46,0.06,OPT,46,0.07,OPT,46,0.06,OPT,46,0.06,OPT,46,0,OPT,46,0,OPT,46,0,OPT,46,0,OPT,46,0,OPT
TUD200.3,14,1.13,OPT,14,1.11,OPT,14,8,OPT,14,15.13,OPT,14,345.36,OPT,14,455.48,OPT,14,4.23,OPT,14,8.01,OPT,14,14.48,OPT,14,4.98,OPT,14,8.2,OPT,14,6,OPT,14,17.56,OPT,14,1.91,OPT,14,9.34,OPT,14,10.59,OPT,14,11.05,OPT,14,9.59,OPT,14,10.61,OPT,14,37.97,OPT,14,12.84,OPT,14,22.24,OPT,14,16.9,OPT
TUD200.4,20,0.09,OPT,20,0.09,OPT,20,0.25,OPT,20,0.2,OPT,20,0.16,OPT,20,0.16,OPT,20,0.12,OPT,20,0.1,OPT,20,0.12,OPT,20,0.09,OPT,20,0.12,OPT,20,0.19,OPT,20,0.28,OPT,20,0.08,OPT,20,0.09,OPT,20,0.09,OPT,20,0.08,OPT,20,0.08,OPT,20,0,OPT,20,0,OPT,20,0,OPT,20,0,OPT,20,0,OPT
TUD200.5,-,0.05,INF,-,0.05,INF,-,0.29,INF,-,0.05,INF,-,0.05,INF,-,0.05,INF,-,0.06,INF,-,0.04,INF,-,0.06,INF,-,0.04,INF,-,0.04,INF,-,0.05,INF,-,0.05,INF,-,-,-,-,-,-,-,-,-,-,-,-,-,-,-,-,-,-,-,-,-,-,-,-,-,-,-,-,-,-
TUD916.1,18,10.87,OPT,18,13.07,OPT,18,58.76,OPT,-,600,TO,46,600,TO,22,600,TO,18,54.08,OPT,18,67.73,OPT,18,153.5,OPT,18,76.92,OPT,18,110.03,OPT,18,34.52,OPT,18,129.99,OPT,18,18.78,OPT,18,58.02,OPT,18,79.94,OPT,18,41.9,OPT,18,50.09,OPT,18,37,OPT,18,98.52,OPT,18,88.21,OPT,18,98.88,OPT,18,80.31,OPT
TUD916.2,48,0.34,OPT,48,0.33,OPT,48,0.85,OPT,48,0.37,OPT,48,0.35,OPT,48,0.48,OPT,48,0.35,OPT,48,0.28,OPT,48,0.35,OPT,48,0.27,OPT,48,0.28,OPT,48,0.4,OPT,48,0.56,OPT,48,0.27,OPT,48,0.28,OPT,48,0.28,OPT,48,0.27,OPT,48,0.27,OPT,48,0,OPT,48,0,OPT,48,0,OPT,48,0,OPT,48,0,OPT
TUD916.3,24,4.4,OPT,24,4.36,OPT,24,15.68,OPT,-,600,TO,46,600,TO,24,35.65,OPT,24,19.85,OPT,24,30.8,OPT,24,30.92,OPT,24,22.14,OPT,24,51.12,OPT,24,18.09,OPT,24,41.59,OPT,24,22.79,OPT,24,48.13,OPT,24,53.6,OPT,24,41.07,OPT,24,20.23,OPT,24,20.61,OPT,24,46.25,OPT,24,49.66,OPT,24,45.87,OPT,24,42.79,OPT
TUD916.4,26,0.51,OPT,26,0.5,OPT,26,1.08,OPT,26,0.73,OPT,26,0.62,OPT,26,0.79,OPT,26,0.59,OPT,26,0.47,OPT,26,0.59,OPT,26,0.44,OPT,26,0.47,OPT,26,0.69,OPT,26,1.1,OPT,26,0.49,OPT,26,0.52,OPT,26,0.57,OPT,26,0.48,OPT,26,0.5,OPT,26,0.01,OPT,26,0.01,OPT,26,0.01,OPT,26,0.01,OPT,26,0.01,OPT
TUD916.5,-,0.18,INF,-,0.18,INF,-,0.24,INF,-,0.19,INF,-,0.19,INF,-,0.19,INF,-,0.2,INF,-,0.15,INF,-,0.21,INF,-,0.14,INF,-,0.15,INF,-,0.19,INF,-,0.2,INF,-,-,-,-,-,-,-,-,-,-,-,-,-,-,-,-,-,-,-,-,-,-,-,-,-,-,-,-,-,-
Total time,-,599.94,-,-,1015.19,-,-,5723.31,-,-,5787.4,-,-,7579.8,-,-,8100.19,-,-,5824.61,-,-,5818.85,-,-,5938.03,-,-,5786.33,-,-,6014.81,-,-,2228.97,-,-,6351.04,-,-,2106.05,-,-,5316.6,-,-,5253.94,-,-,5073.55,-,-,5206.2,-,-,3153.72,-,-,5972.58,-,-,5171.09,-,-,5998.75,-,-,5926.2,-
